[
{
    "model": "admin.logentry",
    "pk": 1,
    "fields": {
        "action_time": "2022-08-27T11:29:08.099Z",
        "user": 1,
        "content_type": 7,
        "object_id": "1",
        "object_repr": "Lamp",
        "action_flag": 1,
        "change_message": "[{\"added\": {}}]"
    }
},
{
    "model": "admin.logentry",
    "pk": 2,
    "fields": {
        "action_time": "2022-08-27T11:29:14.440Z",
        "user": 1,
        "content_type": 7,
        "object_id": "2",
        "object_repr": "Desk",
        "action_flag": 1,
        "change_message": "[{\"added\": {}}]"
    }
},
{
    "model": "admin.logentry",
    "pk": 3,
    "fields": {
        "action_time": "2022-08-27T11:29:49.172Z",
        "user": 1,
        "content_type": 7,
        "object_id": "3",
        "object_repr": "Сhandeliers",
        "action_flag": 1,
        "change_message": "[{\"added\": {}}]"
    }
},
{
    "model": "admin.logentry",
    "pk": 4,
    "fields": {
        "action_time": "2022-08-27T11:30:51.667Z",
        "user": 1,
        "content_type": 7,
        "object_id": "4",
        "object_repr": "ECO",
        "action_flag": 1,
        "change_message": "[{\"added\": {}}]"
    }
},
{
    "model": "admin.logentry",
    "pk": 5,
    "fields": {
        "action_time": "2022-08-27T11:38:19.577Z",
        "user": 1,
        "content_type": 9,
        "object_id": "1",
        "object_repr": "Chandelier nga MAYTONI 17737",
        "action_flag": 1,
        "change_message": "[{\"added\": {}}]"
    }
},
{
    "model": "admin.logentry",
    "pk": 6,
    "fields": {
        "action_time": "2022-08-27T11:38:35.549Z",
        "user": 1,
        "content_type": 9,
        "object_id": "1",
        "object_repr": "Chandelier nga MAYTONI 17737",
        "action_flag": 2,
        "change_message": "[]"
    }
},
{
    "model": "admin.logentry",
    "pk": 7,
    "fields": {
        "action_time": "2022-08-27T11:39:22.347Z",
        "user": 1,
        "content_type": 9,
        "object_id": "1",
        "object_repr": "Chandelier nga MAYTONI 17737",
        "action_flag": 2,
        "change_message": "[]"
    }
},
{
    "model": "admin.logentry",
    "pk": 8,
    "fields": {
        "action_time": "2022-08-27T11:42:59.753Z",
        "user": 1,
        "content_type": 8,
        "object_id": "1",
        "object_repr": "Chandelier nga FREYA 12268",
        "action_flag": 1,
        "change_message": "[{\"added\": {}}]"
    }
},
{
    "model": "admin.logentry",
    "pk": 9,
    "fields": {
        "action_time": "2022-08-27T12:40:43.296Z",
        "user": 1,
        "content_type": 8,
        "object_id": "2",
        "object_repr": "Chandelier nga MAYTONI 31809",
        "action_flag": 1,
        "change_message": "[{\"added\": {}}]"
    }
},
{
    "model": "admin.logentry",
    "pk": 10,
    "fields": {
        "action_time": "2022-08-27T12:48:25.826Z",
        "user": 1,
        "content_type": 10,
        "object_id": "1",
        "object_repr": "CustomSlider object (1)",
        "action_flag": 1,
        "change_message": "[{\"added\": {}}]"
    }
},
{
    "model": "admin.logentry",
    "pk": 11,
    "fields": {
        "action_time": "2022-08-27T13:08:59.596Z",
        "user": 1,
        "content_type": 8,
        "object_id": "1",
        "object_repr": "Chandelier nga FREYA 12268",
        "action_flag": 2,
        "change_message": "[{\"changed\": {\"fields\": [\"Picture\"]}}]"
    }
},
{
    "model": "admin.logentry",
    "pk": 12,
    "fields": {
        "action_time": "2022-08-27T13:09:06.076Z",
        "user": 1,
        "content_type": 8,
        "object_id": "1",
        "object_repr": "Chandelier nga FREYA 12268",
        "action_flag": 2,
        "change_message": "[{\"changed\": {\"fields\": [\"Picture\"]}}]"
    }
},
{
    "model": "admin.logentry",
    "pk": 13,
    "fields": {
        "action_time": "2022-08-27T13:09:10.700Z",
        "user": 1,
        "content_type": 8,
        "object_id": "2",
        "object_repr": "Chandelier nga MAYTONI 31809",
        "action_flag": 2,
        "change_message": "[{\"changed\": {\"fields\": [\"Picture\"]}}]"
    }
},
{
    "model": "admin.logentry",
    "pk": 14,
    "fields": {
        "action_time": "2022-08-27T13:10:25.332Z",
        "user": 1,
        "content_type": 8,
        "object_id": "1",
        "object_repr": "Chandelier nga FREYA 12268",
        "action_flag": 2,
        "change_message": "[{\"changed\": {\"fields\": [\"Picture\"]}}]"
    }
},
{
    "model": "admin.logentry",
    "pk": 15,
    "fields": {
        "action_time": "2022-08-27T13:18:28.897Z",
        "user": 1,
        "content_type": 8,
        "object_id": "3",
        "object_repr": "sadasd",
        "action_flag": 1,
        "change_message": "[{\"added\": {}}]"
    }
},
{
    "model": "admin.logentry",
    "pk": 16,
    "fields": {
        "action_time": "2022-08-27T13:18:53.478Z",
        "user": 1,
        "content_type": 8,
        "object_id": "4",
        "object_repr": "xzczxczx",
        "action_flag": 1,
        "change_message": "[{\"added\": {}}]"
    }
},
{
    "model": "admin.logentry",
    "pk": 17,
    "fields": {
        "action_time": "2022-08-27T13:18:58.388Z",
        "user": 1,
        "content_type": 8,
        "object_id": "2",
        "object_repr": "Chandelier nga MAYTONI 31809",
        "action_flag": 2,
        "change_message": "[{\"changed\": {\"fields\": [\"Picture\"]}}]"
    }
},
{
    "model": "admin.logentry",
    "pk": 18,
    "fields": {
        "action_time": "2022-08-27T13:22:48.719Z",
        "user": 1,
        "content_type": 8,
        "object_id": "5",
        "object_repr": "zcxzcczx",
        "action_flag": 1,
        "change_message": "[{\"added\": {}}]"
    }
},
{
    "model": "admin.logentry",
    "pk": 19,
    "fields": {
        "action_time": "2022-08-27T13:23:29.629Z",
        "user": 1,
        "content_type": 8,
        "object_id": "5",
        "object_repr": "zcxzcczx",
        "action_flag": 2,
        "change_message": "[{\"changed\": {\"fields\": [\"Is visible\"]}}]"
    }
},
{
    "model": "admin.logentry",
    "pk": 20,
    "fields": {
        "action_time": "2022-08-27T13:28:17.792Z",
        "user": 1,
        "content_type": 8,
        "object_id": "5",
        "object_repr": "zcxzcczx",
        "action_flag": 2,
        "change_message": "[{\"changed\": {\"fields\": [\"Is visible\"]}}]"
    }
},
{
    "model": "admin.logentry",
    "pk": 21,
    "fields": {
        "action_time": "2022-08-27T13:34:24.516Z",
        "user": 1,
        "content_type": 9,
        "object_id": "2",
        "object_repr": "Lampara de mesa LAGUNA LIGHTING 25611",
        "action_flag": 1,
        "change_message": "[{\"added\": {}}]"
    }
},
{
    "model": "admin.logentry",
    "pk": 22,
    "fields": {
        "action_time": "2022-08-27T13:36:08.618Z",
        "user": 1,
        "content_type": 9,
        "object_id": "3",
        "object_repr": "Настольная лампа NORDLUX 19864",
        "action_flag": 1,
        "change_message": "[{\"added\": {}}]"
    }
},
{
    "model": "admin.logentry",
    "pk": 23,
    "fields": {
        "action_time": "2022-08-27T13:37:18.118Z",
        "user": 1,
        "content_type": 9,
        "object_id": "4",
        "object_repr": "Lampara ti lamisaan EGLO 95925",
        "action_flag": 1,
        "change_message": "[{\"added\": {}}]"
    }
},
{
    "model": "admin.logentry",
    "pk": 24,
    "fields": {
        "action_time": "2022-08-27T13:39:20.978Z",
        "user": 1,
        "content_type": 9,
        "object_id": "5",
        "object_repr": "Kandelero nga WUNDERLICHT 25312",
        "action_flag": 1,
        "change_message": "[{\"added\": {}}]"
    }
},
{
    "model": "admin.logentry",
    "pk": 25,
    "fields": {
        "action_time": "2022-08-27T19:23:43.861Z",
        "user": 1,
        "content_type": 8,
        "object_id": "2",
        "object_repr": "Chandelier nga MAYTONI 31809",
        "action_flag": 2,
        "change_message": "[{\"changed\": {\"fields\": [\"Small description\"]}}]"
    }
},
{
    "model": "admin.logentry",
    "pk": 26,
    "fields": {
        "action_time": "2022-08-27T19:28:34.423Z",
        "user": 1,
        "content_type": 8,
        "object_id": "1",
        "object_repr": "Chandelier nga FREYA 12268",
        "action_flag": 2,
        "change_message": "[{\"changed\": {\"fields\": [\"Small description\"]}}]"
    }
},
{
    "model": "admin.logentry",
    "pk": 27,
    "fields": {
        "action_time": "2022-08-27T19:31:56.853Z",
        "user": 1,
        "content_type": 8,
        "object_id": "1",
        "object_repr": "Chandelier nga FREYA 12268",
        "action_flag": 2,
        "change_message": "[{\"changed\": {\"fields\": [\"Small description\"]}}]"
    }
},
{
    "model": "admin.logentry",
    "pk": 28,
    "fields": {
        "action_time": "2022-08-27T19:32:03.654Z",
        "user": 1,
        "content_type": 8,
        "object_id": "2",
        "object_repr": "Chandelier nga MAYTONI 31809",
        "action_flag": 2,
        "change_message": "[{\"changed\": {\"fields\": [\"Small description\", \"Picture\"]}}]"
    }
},
{
    "model": "admin.logentry",
    "pk": 29,
    "fields": {
        "action_time": "2022-08-27T19:42:56.699Z",
        "user": 1,
        "content_type": 9,
        "object_id": "1",
        "object_repr": "Chandelier nga MAYTONI 17737",
        "action_flag": 2,
        "change_message": "[{\"changed\": {\"fields\": [\"Small description\"]}}]"
    }
},
{
    "model": "admin.logentry",
    "pk": 30,
    "fields": {
        "action_time": "2022-08-27T19:43:08.649Z",
        "user": 1,
        "content_type": 9,
        "object_id": "2",
        "object_repr": "Lampara de mesa LAGUNA LIGHTING 25611",
        "action_flag": 2,
        "change_message": "[{\"changed\": {\"fields\": [\"Small description\"]}}]"
    }
},
{
    "model": "admin.logentry",
    "pk": 31,
    "fields": {
        "action_time": "2022-08-27T20:01:52.042Z",
        "user": 1,
        "content_type": 8,
        "object_id": "5",
        "object_repr": "Street lamp NOWODVORSKI 84933",
        "action_flag": 2,
        "change_message": "[{\"changed\": {\"fields\": [\"Name\", \"Slug\", \"Picture\"]}}]"
    }
},
{
    "model": "admin.logentry",
    "pk": 32,
    "fields": {
        "action_time": "2022-08-27T20:04:17.915Z",
        "user": 1,
        "content_type": 8,
        "object_id": "6",
        "object_repr": "Street lamp NOWODVORSKI 58255",
        "action_flag": 1,
        "change_message": "[{\"added\": {}}]"
    }
},
{
    "model": "admin.logentry",
    "pk": 33,
    "fields": {
        "action_time": "2022-08-27T20:06:13.149Z",
        "user": 1,
        "content_type": 8,
        "object_id": "5",
        "object_repr": "Street lamp NOWODVORSKI 84933",
        "action_flag": 2,
        "change_message": "[{\"changed\": {\"fields\": [\"Picture\"]}}]"
    }
},
{
    "model": "admin.logentry",
    "pk": 34,
    "fields": {
        "action_time": "2022-08-27T20:06:18.481Z",
        "user": 1,
        "content_type": 8,
        "object_id": "5",
        "object_repr": "Street lamp NOWODVORSKI 84933",
        "action_flag": 2,
        "change_message": "[{\"changed\": {\"fields\": [\"Picture\"]}}]"
    }
},
{
    "model": "admin.logentry",
    "pk": 35,
    "fields": {
        "action_time": "2022-08-27T20:06:38.210Z",
        "user": 1,
        "content_type": 8,
        "object_id": "5",
        "object_repr": "Street lamp NOWODVORSKI 84933",
        "action_flag": 2,
        "change_message": "[{\"changed\": {\"fields\": [\"Picture\"]}}]"
    }
},
{
    "model": "admin.logentry",
    "pk": 36,
    "fields": {
        "action_time": "2022-08-27T20:06:53.615Z",
        "user": 1,
        "content_type": 8,
        "object_id": "5",
        "object_repr": "Street lamp NOWODVORSKI 84933",
        "action_flag": 2,
        "change_message": "[{\"changed\": {\"fields\": [\"Picture\"]}}]"
    }
},
{
    "model": "admin.logentry",
    "pk": 37,
    "fields": {
        "action_time": "2022-08-27T20:06:59.657Z",
        "user": 1,
        "content_type": 8,
        "object_id": "6",
        "object_repr": "Street lamp NOWODVORSKI 58255",
        "action_flag": 2,
        "change_message": "[{\"changed\": {\"fields\": [\"Picture\"]}}]"
    }
},
{
    "model": "admin.logentry",
    "pk": 38,
    "fields": {
        "action_time": "2022-08-27T20:13:33.246Z",
        "user": 1,
        "content_type": 8,
        "object_id": "7",
        "object_repr": "Chandelier WUNDERLICHT 40383",
        "action_flag": 1,
        "change_message": "[{\"added\": {}}]"
    }
},
{
    "model": "admin.logentry",
    "pk": 39,
    "fields": {
        "action_time": "2022-08-27T20:15:47.345Z",
        "user": 1,
        "content_type": 8,
        "object_id": "8",
        "object_repr": "Chandelier WUNDERLICHT 40412",
        "action_flag": 1,
        "change_message": "[{\"added\": {}}]"
    }
},
{
    "model": "admin.logentry",
    "pk": 40,
    "fields": {
        "action_time": "2022-08-27T20:25:04.384Z",
        "user": 1,
        "content_type": 9,
        "object_id": "6",
        "object_repr": "Lamp EGLO 93380",
        "action_flag": 1,
        "change_message": "[{\"added\": {}}]"
    }
},
{
    "model": "admin.logentry",
    "pk": 41,
    "fields": {
        "action_time": "2022-08-27T20:26:07.944Z",
        "user": 1,
        "content_type": 9,
        "object_id": "6",
        "object_repr": "Lamp EGLO 93380",
        "action_flag": 2,
        "change_message": "[{\"changed\": {\"fields\": [\"Picture\"]}}]"
    }
},
{
    "model": "admin.logentry",
    "pk": 42,
    "fields": {
        "action_time": "2022-08-27T20:26:44.176Z",
        "user": 1,
        "content_type": 9,
        "object_id": "3",
        "object_repr": "Table lamp NORDLUX 19864",
        "action_flag": 2,
        "change_message": "[{\"changed\": {\"fields\": [\"Name\", \"Slug\"]}}]"
    }
},
{
    "model": "admin.logentry",
    "pk": 43,
    "fields": {
        "action_time": "2022-08-27T20:31:25.849Z",
        "user": 1,
        "content_type": 7,
        "object_id": "2",
        "object_repr": "Desk Lamp",
        "action_flag": 2,
        "change_message": "[{\"changed\": {\"fields\": [\"Name\"]}}]"
    }
},
{
    "model": "admin.logentry",
    "pk": 44,
    "fields": {
        "action_time": "2022-08-30T11:40:43.875Z",
        "user": 1,
        "content_type": 3,
        "object_id": "1",
        "object_repr": "manager",
        "action_flag": 1,
        "change_message": "[{\"added\": {}}]"
    }
},
{
    "model": "admin.logentry",
    "pk": 45,
    "fields": {
        "action_time": "2022-08-30T11:40:52.574Z",
        "user": 1,
        "content_type": 4,
        "object_id": "7",
        "object_repr": "manager1",
        "action_flag": 2,
        "change_message": "[{\"changed\": {\"fields\": [\"Groups\"]}}]"
    }
},
{
    "model": "admin.logentry",
    "pk": 46,
    "fields": {
        "action_time": "2022-08-31T09:40:59.908Z",
        "user": 1,
        "content_type": 8,
        "object_id": "9",
        "object_repr": "Chandelier EGLO 14723",
        "action_flag": 1,
        "change_message": "[{\"added\": {}}]"
    }
},
{
    "model": "admin.logentry",
    "pk": 47,
    "fields": {
        "action_time": "2022-08-31T09:41:26.757Z",
        "user": 1,
        "content_type": 8,
        "object_id": "9",
        "object_repr": "Chandelier EGLO 14723",
        "action_flag": 2,
        "change_message": "[{\"changed\": {\"fields\": [\"Position\"]}}]"
    }
},
{
    "model": "admin.logentry",
    "pk": 48,
    "fields": {
        "action_time": "2022-08-31T09:48:06.542Z",
        "user": 1,
        "content_type": 8,
        "object_id": "9",
        "object_repr": "Chandelier EGLO 14723",
        "action_flag": 2,
        "change_message": "[{\"changed\": {\"fields\": [\"Is visible\"]}}]"
    }
},
{
    "model": "admin.logentry",
    "pk": 49,
    "fields": {
        "action_time": "2022-08-31T09:49:20.848Z",
        "user": 1,
        "content_type": 8,
        "object_id": "8",
        "object_repr": "Chandelier WUNDERLICHT 40412",
        "action_flag": 2,
        "change_message": "[{\"changed\": {\"fields\": [\"Is visible\"]}}]"
    }
},
{
    "model": "admin.logentry",
    "pk": 50,
    "fields": {
        "action_time": "2022-08-31T09:49:37.831Z",
        "user": 1,
        "content_type": 8,
        "object_id": "8",
        "object_repr": "Chandelier WUNDERLICHT 40412",
        "action_flag": 2,
        "change_message": "[{\"changed\": {\"fields\": [\"Is visible\"]}}]"
    }
},
{
    "model": "admin.logentry",
    "pk": 51,
    "fields": {
        "action_time": "2022-08-31T09:57:07.562Z",
        "user": 1,
        "content_type": 8,
        "object_id": "9",
        "object_repr": "Chandelier EGLO 14723",
        "action_flag": 2,
        "change_message": "[{\"changed\": {\"fields\": [\"Is visible\"]}}]"
    }
},
{
    "model": "admin.logentry",
    "pk": 52,
    "fields": {
        "action_time": "2022-08-31T10:00:01.692Z",
        "user": 1,
        "content_type": 8,
        "object_id": "9",
        "object_repr": "Chandelier EGLO 14723",
        "action_flag": 2,
        "change_message": "[{\"changed\": {\"fields\": [\"Is visible\"]}}]"
    }
},
{
    "model": "admin.logentry",
    "pk": 53,
    "fields": {
        "action_time": "2022-08-31T10:00:53.727Z",
        "user": 1,
        "content_type": 9,
        "object_id": "7",
        "object_repr": "Chandelier BLITZ 16036",
        "action_flag": 1,
        "change_message": "[{\"added\": {}}]"
    }
},
{
    "model": "admin.logentry",
    "pk": 54,
    "fields": {
        "action_time": "2022-08-31T10:01:25.781Z",
        "user": 1,
        "content_type": 9,
        "object_id": "7",
        "object_repr": "Chandelier BLITZ 16036",
        "action_flag": 2,
        "change_message": "[{\"changed\": {\"fields\": [\"Picture\"]}}]"
    }
},
{
    "model": "admin.logentry",
    "pk": 55,
    "fields": {
        "action_time": "2022-08-31T10:03:40.068Z",
        "user": 1,
        "content_type": 7,
        "object_id": "5",
        "object_repr": "Floor lamp",
        "action_flag": 1,
        "change_message": "[{\"added\": {}}]"
    }
},
{
    "model": "admin.logentry",
    "pk": 56,
    "fields": {
        "action_time": "2022-08-31T10:04:14.094Z",
        "user": 1,
        "content_type": 9,
        "object_id": "8",
        "object_repr": "Floor lamp NOWODVORSKI 84941",
        "action_flag": 1,
        "change_message": "[{\"added\": {}}]"
    }
},
{
    "model": "admin.logentry",
    "pk": 57,
    "fields": {
        "action_time": "2022-08-31T10:05:32.138Z",
        "user": 1,
        "content_type": 9,
        "object_id": "9",
        "object_repr": "Floor lamp MAYTONI 27177",
        "action_flag": 1,
        "change_message": "[{\"added\": {}}]"
    }
},
{
    "model": "admin.logentry",
    "pk": 58,
    "fields": {
        "action_time": "2022-08-31T10:08:44.331Z",
        "user": 1,
        "content_type": 9,
        "object_id": "10",
        "object_repr": "Floor lamp ZUMALINE 78322",
        "action_flag": 1,
        "change_message": "[{\"added\": {}}]"
    }
},
{
    "model": "admin.logentry",
    "pk": 59,
    "fields": {
        "action_time": "2022-08-31T10:09:45.119Z",
        "user": 1,
        "content_type": 9,
        "object_id": "11",
        "object_repr": "Floor lamp EGLO 37772",
        "action_flag": 1,
        "change_message": "[{\"added\": {}}]"
    }
},
{
    "model": "admin.logentry",
    "pk": 60,
    "fields": {
        "action_time": "2022-08-31T10:11:36.249Z",
        "user": 1,
        "content_type": 9,
        "object_id": "12",
        "object_repr": "Chandelier EGLO 26011",
        "action_flag": 1,
        "change_message": "[{\"added\": {}}]"
    }
},
{
    "model": "admin.logentry",
    "pk": 61,
    "fields": {
        "action_time": "2022-08-31T19:18:28.467Z",
        "user": 1,
        "content_type": 9,
        "object_id": "13",
        "object_repr": "Lamp EGLO 95131",
        "action_flag": 1,
        "change_message": "[{\"added\": {}}]"
    }
},
{
    "model": "admin.logentry",
    "pk": 62,
    "fields": {
        "action_time": "2022-08-31T19:19:37.620Z",
        "user": 1,
        "content_type": 9,
        "object_id": "6",
        "object_repr": "Lamp EGLO 93380",
        "action_flag": 2,
        "change_message": "[{\"changed\": {\"fields\": [\"Small description\"]}}]"
    }
},
{
    "model": "admin.logentry",
    "pk": 63,
    "fields": {
        "action_time": "2022-08-31T19:23:15.778Z",
        "user": 1,
        "content_type": 9,
        "object_id": "12",
        "object_repr": "Chandelier EGLO 26011",
        "action_flag": 2,
        "change_message": "[{\"changed\": {\"fields\": [\"Small description\"]}}]"
    }
},
{
    "model": "admin.logentry",
    "pk": 64,
    "fields": {
        "action_time": "2022-08-31T19:41:32.869Z",
        "user": 1,
        "content_type": 9,
        "object_id": "2",
        "object_repr": "Lampara de mesa LAGUNA LIGHTING 25611",
        "action_flag": 3,
        "change_message": ""
    }
},
{
    "model": "admin.logentry",
    "pk": 65,
    "fields": {
        "action_time": "2022-08-31T19:41:56.583Z",
        "user": 1,
        "content_type": 9,
        "object_id": "4",
        "object_repr": "Lampara ti lamisaan EGLO 95925",
        "action_flag": 3,
        "change_message": ""
    }
},
{
    "model": "admin.logentry",
    "pk": 66,
    "fields": {
        "action_time": "2022-08-31T19:43:30.149Z",
        "user": 1,
        "content_type": 9,
        "object_id": "14",
        "object_repr": "Lamp KANLUX 47918",
        "action_flag": 1,
        "change_message": "[{\"added\": {}}]"
    }
},
{
    "model": "admin.logentry",
    "pk": 67,
    "fields": {
        "action_time": "2022-08-31T19:43:36.498Z",
        "user": 1,
        "content_type": 7,
        "object_id": "4",
        "object_repr": "ECO",
        "action_flag": 2,
        "change_message": "[{\"changed\": {\"fields\": [\"Is visible\"]}}]"
    }
},
{
    "model": "admin.logentry",
    "pk": 68,
    "fields": {
        "action_time": "2022-08-31T19:45:57.349Z",
        "user": 1,
        "content_type": 9,
        "object_id": "3",
        "object_repr": "Table lamp EGLO 35982",
        "action_flag": 2,
        "change_message": "[{\"changed\": {\"fields\": [\"Name\", \"Slug\", \"Small description\", \"Picture\"]}}]"
    }
},
{
    "model": "admin.logentry",
    "pk": 69,
    "fields": {
        "action_time": "2022-08-31T19:46:38.842Z",
        "user": 1,
        "content_type": 9,
        "object_id": "3",
        "object_repr": "Table lamp EGLO 35982",
        "action_flag": 2,
        "change_message": "[{\"changed\": {\"fields\": [\"Small description\"]}}]"
    }
},
{
    "model": "admin.logentry",
    "pk": 70,
    "fields": {
        "action_time": "2022-08-31T19:48:11.832Z",
        "user": 1,
        "content_type": 9,
        "object_id": "5",
        "object_repr": "Kandelero nga WUNDERLICHT 25312",
        "action_flag": 2,
        "change_message": "[{\"changed\": {\"fields\": [\"Small description\"]}}]"
    }
},
{
    "model": "admin.logentry",
    "pk": 71,
    "fields": {
        "action_time": "2022-08-31T20:02:30.050Z",
        "user": 1,
        "content_type": 9,
        "object_id": "7",
        "object_repr": "Chandelier BLITZ 16036",
        "action_flag": 2,
        "change_message": "[{\"changed\": {\"fields\": [\"Small description\"]}}]"
    }
},
{
    "model": "admin.logentry",
    "pk": 72,
    "fields": {
        "action_time": "2022-08-31T20:04:56.590Z",
        "user": 1,
        "content_type": 9,
        "object_id": "1",
        "object_repr": "Chandelier nga MAYTONI 17737",
        "action_flag": 2,
        "change_message": "[{\"changed\": {\"fields\": [\"Small description\"]}}]"
    }
},
{
    "model": "admin.logentry",
    "pk": 73,
    "fields": {
        "action_time": "2022-08-31T20:05:49.654Z",
        "user": 1,
        "content_type": 9,
        "object_id": "11",
        "object_repr": "Floor lamp EGLO 37772",
        "action_flag": 2,
        "change_message": "[{\"changed\": {\"fields\": [\"Small description\"]}}]"
    }
},
{
    "model": "admin.logentry",
    "pk": 74,
    "fields": {
        "action_time": "2022-08-31T20:08:17.327Z",
        "user": 1,
        "content_type": 9,
        "object_id": "10",
        "object_repr": "Floor lamp ZUMALINE 78322",
        "action_flag": 2,
        "change_message": "[{\"changed\": {\"fields\": [\"Small description\"]}}]"
    }
},
{
    "model": "admin.logentry",
    "pk": 75,
    "fields": {
        "action_time": "2022-08-31T20:08:45.274Z",
        "user": 1,
        "content_type": 9,
        "object_id": "8",
        "object_repr": "Floor lamp NOWODVORSKI 84941",
        "action_flag": 2,
        "change_message": "[{\"changed\": {\"fields\": [\"Small description\"]}}]"
    }
},
{
    "model": "admin.logentry",
    "pk": 76,
    "fields": {
        "action_time": "2022-08-31T20:09:28.944Z",
        "user": 1,
        "content_type": 9,
        "object_id": "9",
        "object_repr": "Floor lamp MAYTONI 27177",
        "action_flag": 2,
        "change_message": "[{\"changed\": {\"fields\": [\"Small description\"]}}]"
    }
},
{
    "model": "admin.logentry",
    "pk": 77,
    "fields": {
        "action_time": "2022-08-31T20:13:30.438Z",
        "user": 1,
        "content_type": 9,
        "object_id": "15",
        "object_repr": "Lamp EGLO 96437",
        "action_flag": 1,
        "change_message": "[{\"added\": {}}]"
    }
},
{
    "model": "admin.logentry",
    "pk": 78,
    "fields": {
        "action_time": "2022-08-31T20:16:56.490Z",
        "user": 1,
        "content_type": 9,
        "object_id": "16",
        "object_repr": "Table lamp EGLO 35930",
        "action_flag": 1,
        "change_message": "[{\"added\": {}}]"
    }
},
{
    "model": "admin.logentry",
    "pk": 79,
    "fields": {
        "action_time": "2022-08-31T20:17:29.460Z",
        "user": 1,
        "content_type": 9,
        "object_id": "3",
        "object_repr": "Table lamp EGLO 35982",
        "action_flag": 2,
        "change_message": "[]"
    }
},
{
    "model": "admin.logentry",
    "pk": 80,
    "fields": {
        "action_time": "2022-08-31T20:31:00.474Z",
        "user": 1,
        "content_type": 9,
        "object_id": "17",
        "object_repr": "Table lamp KANLUX 84450",
        "action_flag": 1,
        "change_message": "[{\"added\": {}}]"
    }
},
{
    "model": "admin.logentry",
    "pk": 81,
    "fields": {
        "action_time": "2022-08-31T20:34:34.094Z",
        "user": 1,
        "content_type": 9,
        "object_id": "18",
        "object_repr": "Table lamp FREYA 40629",
        "action_flag": 1,
        "change_message": "[{\"added\": {}}]"
    }
},
{
    "model": "admin.logentry",
    "pk": 82,
    "fields": {
        "action_time": "2022-09-01T09:54:37.977Z",
        "user": 1,
        "content_type": 9,
        "object_id": "19",
        "object_repr": "asdasdzxcxzczxc",
        "action_flag": 1,
        "change_message": "[{\"added\": {}}]"
    }
},
{
    "model": "admin.logentry",
    "pk": 83,
    "fields": {
        "action_time": "2022-09-01T09:57:09.511Z",
        "user": 1,
        "content_type": 9,
        "object_id": "19",
        "object_repr": "asdasdzxcxzczxc",
        "action_flag": 3,
        "change_message": ""
    }
},
{
    "model": "admin.logentry",
    "pk": 84,
    "fields": {
        "action_time": "2022-09-01T18:01:52.734Z",
        "user": 1,
        "content_type": 4,
        "object_id": "3",
        "object_repr": "user2",
        "action_flag": 3,
        "change_message": ""
    }
},
{
    "model": "admin.logentry",
    "pk": 85,
    "fields": {
        "action_time": "2022-09-01T18:01:52.746Z",
        "user": 1,
        "content_type": 4,
        "object_id": "4",
        "object_repr": "user3",
        "action_flag": 3,
        "change_message": ""
    }
},
{
    "model": "admin.logentry",
    "pk": 86,
    "fields": {
        "action_time": "2022-09-01T18:01:52.752Z",
        "user": 1,
        "content_type": 4,
        "object_id": "5",
        "object_repr": "user4",
        "action_flag": 3,
        "change_message": ""
    }
},
{
    "model": "admin.logentry",
    "pk": 87,
    "fields": {
        "action_time": "2022-09-01T18:01:52.758Z",
        "user": 1,
        "content_type": 4,
        "object_id": "6",
        "object_repr": "user5",
        "action_flag": 3,
        "change_message": ""
    }
},
{
    "model": "admin.logentry",
    "pk": 88,
    "fields": {
        "action_time": "2022-09-01T18:01:52.764Z",
        "user": 1,
        "content_type": 4,
        "object_id": "8",
        "object_repr": "user6",
        "action_flag": 3,
        "change_message": ""
    }
},
{
    "model": "admin.logentry",
    "pk": 89,
    "fields": {
        "action_time": "2022-09-01T18:01:52.769Z",
        "user": 1,
        "content_type": 4,
        "object_id": "9",
        "object_repr": "user7",
        "action_flag": 3,
        "change_message": ""
    }
},
{
    "model": "admin.logentry",
    "pk": 90,
    "fields": {
        "action_time": "2022-09-01T18:01:52.774Z",
        "user": 1,
        "content_type": 4,
        "object_id": "10",
        "object_repr": "user8",
        "action_flag": 3,
        "change_message": ""
    }
},
{
    "model": "admin.logentry",
    "pk": 91,
    "fields": {
        "action_time": "2022-09-01T18:01:52.779Z",
        "user": 1,
        "content_type": 4,
        "object_id": "11",
        "object_repr": "user9",
        "action_flag": 3,
        "change_message": ""
    }
},
{
    "model": "admin.logentry",
    "pk": 92,
    "fields": {
        "action_time": "2022-09-01T20:45:19.915Z",
        "user": 1,
        "content_type": 8,
        "object_id": "4",
        "object_repr": "Bath lamp NOWODVORSKI 37544",
        "action_flag": 2,
        "change_message": "[{\"changed\": {\"fields\": [\"Name\", \"Slug\", \"Small description\"]}}]"
    }
},
{
    "model": "admin.logentry",
    "pk": 93,
    "fields": {
        "action_time": "2022-09-01T20:45:41.507Z",
        "user": 1,
        "content_type": 8,
        "object_id": "4",
        "object_repr": "Bath lamp NOWODVORSKI 37544",
        "action_flag": 2,
        "change_message": "[{\"changed\": {\"fields\": [\"Picture\"]}}]"
    }
},
{
    "model": "admin.logentry",
    "pk": 94,
    "fields": {
        "action_time": "2022-09-01T20:46:12.884Z",
        "user": 1,
        "content_type": 8,
        "object_id": "4",
        "object_repr": "Bath lamp NOWODVORSKI 37544",
        "action_flag": 2,
        "change_message": "[{\"changed\": {\"fields\": [\"Picture\"]}}]"
    }
},
{
    "model": "admin.logentry",
    "pk": 95,
    "fields": {
        "action_time": "2022-09-01T20:50:32.540Z",
        "user": 1,
        "content_type": 8,
        "object_id": "1",
        "object_repr": "Chandelier nga FREYA 12268",
        "action_flag": 2,
        "change_message": "[{\"changed\": {\"fields\": [\"Small description\"]}}]"
    }
},
{
    "model": "admin.logentry",
    "pk": 96,
    "fields": {
        "action_time": "2022-09-01T20:52:20.969Z",
        "user": 1,
        "content_type": 8,
        "object_id": "3",
        "object_repr": "Chandelier MAYTONI 31809",
        "action_flag": 2,
        "change_message": "[{\"changed\": {\"fields\": [\"Name\", \"Slug\", \"Small description\"]}}]"
    }
},
{
    "model": "admin.logentry",
    "pk": 97,
    "fields": {
        "action_time": "2022-09-01T20:54:44.998Z",
        "user": 1,
        "content_type": 8,
        "object_id": "2",
        "object_repr": "Chandelier MAYTONI 27260",
        "action_flag": 2,
        "change_message": "[{\"changed\": {\"fields\": [\"Name\", \"Slug\", \"Small description\", \"Past price\", \"New price\", \"Picture\"]}}]"
    }
},
{
    "model": "admin.logentry",
    "pk": 98,
    "fields": {
        "action_time": "2022-09-01T20:55:30.704Z",
        "user": 1,
        "content_type": 8,
        "object_id": "2",
        "object_repr": "Chandelier MAYTONI 27260",
        "action_flag": 2,
        "change_message": "[{\"changed\": {\"fields\": [\"Picture\"]}}]"
    }
},
{
    "model": "admin.logentry",
    "pk": 99,
    "fields": {
        "action_time": "2022-09-01T20:57:12.326Z",
        "user": 1,
        "content_type": 8,
        "object_id": "5",
        "object_repr": "Street lamp NOWODVORSKI 84933",
        "action_flag": 2,
        "change_message": "[{\"changed\": {\"fields\": [\"Small description\"]}}]"
    }
},
{
    "model": "admin.logentry",
    "pk": 100,
    "fields": {
        "action_time": "2022-09-01T20:58:00.637Z",
        "user": 1,
        "content_type": 8,
        "object_id": "6",
        "object_repr": "Street lamp NOWODVORSKI 58255",
        "action_flag": 2,
        "change_message": "[{\"changed\": {\"fields\": [\"Small description\"]}}]"
    }
},
{
    "model": "admin.logentry",
    "pk": 101,
    "fields": {
        "action_time": "2022-09-01T20:58:31.342Z",
        "user": 1,
        "content_type": 8,
        "object_id": "7",
        "object_repr": "Chandelier WUNDERLICHT 40383",
        "action_flag": 2,
        "change_message": "[{\"changed\": {\"fields\": [\"Small description\"]}}]"
    }
},
{
    "model": "admin.logentry",
    "pk": 102,
    "fields": {
        "action_time": "2022-09-01T20:58:58.684Z",
        "user": 1,
        "content_type": 8,
        "object_id": "8",
        "object_repr": "Chandelier WUNDERLICHT 40412",
        "action_flag": 2,
        "change_message": "[{\"changed\": {\"fields\": [\"Small description\"]}}]"
    }
},
{
    "model": "admin.logentry",
    "pk": 103,
    "fields": {
        "action_time": "2022-09-02T16:59:32.956Z",
        "user": 1,
        "content_type": 8,
        "object_id": "9",
        "object_repr": "Chandelier EGLO 14723",
        "action_flag": 2,
        "change_message": "[{\"changed\": {\"fields\": [\"Position\"]}}]"
    }
},
{
    "model": "admin.logentry",
    "pk": 104,
    "fields": {
        "action_time": "2022-09-02T16:59:40.629Z",
        "user": 1,
        "content_type": 8,
        "object_id": "8",
        "object_repr": "Chandelier WUNDERLICHT 40412",
        "action_flag": 2,
        "change_message": "[{\"changed\": {\"fields\": [\"Position\"]}}]"
    }
},
{
    "model": "admin.logentry",
    "pk": 105,
    "fields": {
        "action_time": "2022-09-03T10:26:15.760Z",
        "user": 1,
        "content_type": 11,
        "object_id": "5",
        "object_repr": "asd-2022-09-14",
        "action_flag": 3,
        "change_message": ""
    }
},
{
    "model": "admin.logentry",
    "pk": 106,
    "fields": {
        "action_time": "2022-09-03T10:26:15.769Z",
        "user": 1,
        "content_type": 11,
        "object_id": "7",
        "object_repr": "aasd-2022-09-13",
        "action_flag": 3,
        "change_message": ""
    }
},
{
    "model": "admin.logentry",
    "pk": 107,
    "fields": {
        "action_time": "2022-09-03T10:26:15.774Z",
        "user": 1,
        "content_type": 11,
        "object_id": "8",
        "object_repr": "iojbiupbipou-2022-09-23",
        "action_flag": 3,
        "change_message": ""
    }
},
{
    "model": "admin.logentry",
    "pk": 108,
    "fields": {
        "action_time": "2022-09-03T10:26:15.779Z",
        "user": 1,
        "content_type": 11,
        "object_id": "6",
        "object_repr": "asd-2022-09-21",
        "action_flag": 3,
        "change_message": ""
    }
},
{
    "model": "admin.logentry",
    "pk": 109,
    "fields": {
        "action_time": "2022-09-03T10:26:15.784Z",
        "user": 1,
        "content_type": 11,
        "object_id": "1",
        "object_repr": "asd-2022-08-09",
        "action_flag": 3,
        "change_message": ""
    }
},
{
    "model": "admin.logentry",
    "pk": 110,
    "fields": {
        "action_time": "2022-09-03T10:26:15.789Z",
        "user": 1,
        "content_type": 11,
        "object_id": "3",
        "object_repr": "asdadsdasadas-2022-08-30",
        "action_flag": 3,
        "change_message": ""
    }
},
{
    "model": "admin.logentry",
    "pk": 111,
    "fields": {
        "action_time": "2022-09-03T10:26:15.793Z",
        "user": 1,
        "content_type": 11,
        "object_id": "2",
        "object_repr": "sadsadasdsadsa-2022-08-23",
        "action_flag": 3,
        "change_message": ""
    }
},
{
    "model": "admin.logentry",
    "pk": 112,
    "fields": {
        "action_time": "2022-09-03T10:41:28.955Z",
        "user": 1,
        "content_type": 11,
        "object_id": "11",
        "object_repr": "asdasd-2022-09-17",
        "action_flag": 3,
        "change_message": ""
    }
},
{
    "model": "admin.logentry",
    "pk": 113,
    "fields": {
        "action_time": "2022-09-03T10:41:28.963Z",
        "user": 1,
        "content_type": 11,
        "object_id": "4",
        "object_repr": "bxc-2022-09-01",
        "action_flag": 3,
        "change_message": ""
    }
},
{
    "model": "admin.logentry",
    "pk": 114,
    "fields": {
        "action_time": "2022-09-03T10:41:28.968Z",
        "user": 1,
        "content_type": 11,
        "object_id": "13",
        "object_repr": "asdasd-2022-09-15",
        "action_flag": 3,
        "change_message": ""
    }
},
{
    "model": "admin.logentry",
    "pk": 115,
    "fields": {
        "action_time": "2022-09-03T10:41:28.976Z",
        "user": 1,
        "content_type": 11,
        "object_id": "12",
        "object_repr": "asdasd-2022-09-15",
        "action_flag": 3,
        "change_message": ""
    }
},
{
    "model": "admin.logentry",
    "pk": 116,
    "fields": {
        "action_time": "2022-09-03T10:41:28.982Z",
        "user": 1,
        "content_type": 11,
        "object_id": "10",
        "object_repr": "asdasd-2022-09-15",
        "action_flag": 3,
        "change_message": ""
    }
},
{
    "model": "admin.logentry",
    "pk": 117,
    "fields": {
        "action_time": "2022-09-03T10:41:28.988Z",
        "user": 1,
        "content_type": 11,
        "object_id": "9",
        "object_repr": "asdasd-2022-09-15",
        "action_flag": 3,
        "change_message": ""
    }
},
{
    "model": "admin.logentry",
    "pk": 118,
    "fields": {
        "action_time": "2022-09-03T10:54:20.292Z",
        "user": 1,
        "content_type": 11,
        "object_id": "16",
        "object_repr": "asdasdasdasd-2022-09-08",
        "action_flag": 3,
        "change_message": ""
    }
},
{
    "model": "admin.logentry",
    "pk": 119,
    "fields": {
        "action_time": "2022-09-03T10:54:20.301Z",
        "user": 1,
        "content_type": 11,
        "object_id": "18",
        "object_repr": "asdasdas-2022-09-09",
        "action_flag": 3,
        "change_message": ""
    }
},
{
    "model": "admin.logentry",
    "pk": 120,
    "fields": {
        "action_time": "2022-09-03T10:54:20.307Z",
        "user": 1,
        "content_type": 11,
        "object_id": "14",
        "object_repr": "zxcxzczxcxzcxz-2022-09-10",
        "action_flag": 3,
        "change_message": ""
    }
},
{
    "model": "admin.logentry",
    "pk": 121,
    "fields": {
        "action_time": "2022-09-03T10:54:20.315Z",
        "user": 1,
        "content_type": 11,
        "object_id": "15",
        "object_repr": "asdasd-2022-09-29",
        "action_flag": 3,
        "change_message": ""
    }
},
{
    "model": "admin.logentry",
    "pk": 122,
    "fields": {
        "action_time": "2022-09-03T10:54:20.321Z",
        "user": 1,
        "content_type": 11,
        "object_id": "17",
        "object_repr": "sad-2022-09-18",
        "action_flag": 3,
        "change_message": ""
    }
},
{
    "model": "admin.logentry",
    "pk": 123,
    "fields": {
        "action_time": "2022-09-03T10:55:58.932Z",
        "user": 1,
        "content_type": 12,
        "object_id": "4",
        "object_repr": "bogdan.maksimenko.2002@gmail.com",
        "action_flag": 3,
        "change_message": ""
    }
},
{
    "model": "admin.logentry",
    "pk": 124,
    "fields": {
        "action_time": "2022-09-03T13:06:14.094Z",
        "user": 1,
        "content_type": 9,
        "object_id": "13",
        "object_repr": "Lamp EGLO 95131",
        "action_flag": 2,
        "change_message": "[]"
    }
},
{
    "model": "admin.logentry",
    "pk": 125,
    "fields": {
        "action_time": "2022-09-03T14:04:45.730Z",
        "user": 1,
        "content_type": 9,
        "object_id": "20",
        "object_repr": "Chandelier MAYTONI 38351",
        "action_flag": 1,
        "change_message": "[{\"added\": {}}]"
    }
},
{
    "model": "admin.logentry",
    "pk": 126,
    "fields": {
        "action_time": "2022-09-03T14:07:08.341Z",
        "user": 1,
        "content_type": 9,
        "object_id": "21",
        "object_repr": "Street lamp EGLO 92720",
        "action_flag": 1,
        "change_message": "[{\"added\": {}}]"
    }
},
{
    "model": "admin.logentry",
    "pk": 127,
    "fields": {
        "action_time": "2022-09-03T14:07:36.854Z",
        "user": 1,
        "content_type": 9,
        "object_id": "21",
        "object_repr": "Street lamp EGLO 92720",
        "action_flag": 2,
        "change_message": "[{\"changed\": {\"fields\": [\"Category\"]}}]"
    }
},
{
    "model": "admin.logentry",
    "pk": 128,
    "fields": {
        "action_time": "2022-09-03T20:02:38.751Z",
        "user": 1,
        "content_type": 13,
        "object_id": "2",
        "object_repr": "asdad",
        "action_flag": 3,
        "change_message": ""
    }
},
{
    "model": "admin.logentry",
    "pk": 129,
    "fields": {
        "action_time": "2022-09-03T20:02:38.751Z",
        "user": 1,
        "content_type": 13,
        "object_id": "1",
        "object_repr": "bogdan",
        "action_flag": 3,
        "change_message": ""
    }
},
{
    "model": "admin.logentry",
    "pk": 130,
    "fields": {
        "action_time": "2022-09-03T20:20:42.560Z",
        "user": 1,
        "content_type": 13,
        "object_id": "18",
        "object_repr": "asd",
        "action_flag": 3,
        "change_message": ""
    }
},
{
    "model": "admin.logentry",
    "pk": 131,
    "fields": {
        "action_time": "2022-09-03T20:20:42.565Z",
        "user": 1,
        "content_type": 13,
        "object_id": "17",
        "object_repr": "asd",
        "action_flag": 3,
        "change_message": ""
    }
},
{
    "model": "admin.logentry",
    "pk": 132,
    "fields": {
        "action_time": "2022-09-03T20:20:42.571Z",
        "user": 1,
        "content_type": 13,
        "object_id": "16",
        "object_repr": "asd",
        "action_flag": 3,
        "change_message": ""
    }
},
{
    "model": "admin.logentry",
    "pk": 133,
    "fields": {
        "action_time": "2022-09-03T20:20:42.577Z",
        "user": 1,
        "content_type": 13,
        "object_id": "15",
        "object_repr": "asdasd",
        "action_flag": 3,
        "change_message": ""
    }
},
{
    "model": "admin.logentry",
    "pk": 134,
    "fields": {
        "action_time": "2022-09-03T20:20:42.583Z",
        "user": 1,
        "content_type": 13,
        "object_id": "14",
        "object_repr": "asdasd",
        "action_flag": 3,
        "change_message": ""
    }
},
{
    "model": "admin.logentry",
    "pk": 135,
    "fields": {
        "action_time": "2022-09-03T20:20:42.589Z",
        "user": 1,
        "content_type": 13,
        "object_id": "13",
        "object_repr": "asdasddsa",
        "action_flag": 3,
        "change_message": ""
    }
},
{
    "model": "admin.logentry",
    "pk": 136,
    "fields": {
        "action_time": "2022-09-03T20:20:42.594Z",
        "user": 1,
        "content_type": 13,
        "object_id": "12",
        "object_repr": "asd",
        "action_flag": 3,
        "change_message": ""
    }
},
{
    "model": "admin.logentry",
    "pk": 137,
    "fields": {
        "action_time": "2022-09-03T20:20:42.600Z",
        "user": 1,
        "content_type": 13,
        "object_id": "11",
        "object_repr": "asd",
        "action_flag": 3,
        "change_message": ""
    }
},
{
    "model": "admin.logentry",
    "pk": 138,
    "fields": {
        "action_time": "2022-09-03T20:20:42.607Z",
        "user": 1,
        "content_type": 13,
        "object_id": "10",
        "object_repr": "asd",
        "action_flag": 3,
        "change_message": ""
    }
},
{
    "model": "admin.logentry",
    "pk": 139,
    "fields": {
        "action_time": "2022-09-03T20:20:42.611Z",
        "user": 1,
        "content_type": 13,
        "object_id": "9",
        "object_repr": "asd",
        "action_flag": 3,
        "change_message": ""
    }
},
{
    "model": "admin.logentry",
    "pk": 140,
    "fields": {
        "action_time": "2022-09-03T20:20:42.615Z",
        "user": 1,
        "content_type": 13,
        "object_id": "8",
        "object_repr": "asdd",
        "action_flag": 3,
        "change_message": ""
    }
},
{
    "model": "admin.logentry",
    "pk": 141,
    "fields": {
        "action_time": "2022-09-03T20:20:42.620Z",
        "user": 1,
        "content_type": 13,
        "object_id": "7",
        "object_repr": "asdd",
        "action_flag": 3,
        "change_message": ""
    }
},
{
    "model": "admin.logentry",
    "pk": 142,
    "fields": {
        "action_time": "2022-09-03T20:20:42.625Z",
        "user": 1,
        "content_type": 13,
        "object_id": "6",
        "object_repr": "asdd",
        "action_flag": 3,
        "change_message": ""
    }
},
{
    "model": "admin.logentry",
    "pk": 143,
    "fields": {
        "action_time": "2022-09-03T20:20:42.630Z",
        "user": 1,
        "content_type": 13,
        "object_id": "5",
        "object_repr": "asdd",
        "action_flag": 3,
        "change_message": ""
    }
},
{
    "model": "admin.logentry",
    "pk": 144,
    "fields": {
        "action_time": "2022-09-03T20:20:42.635Z",
        "user": 1,
        "content_type": 13,
        "object_id": "4",
        "object_repr": "asdas",
        "action_flag": 3,
        "change_message": ""
    }
},
{
    "model": "admin.logentry",
    "pk": 145,
    "fields": {
        "action_time": "2022-09-03T20:20:42.640Z",
        "user": 1,
        "content_type": 13,
        "object_id": "3",
        "object_repr": "adda",
        "action_flag": 3,
        "change_message": ""
    }
},
{
    "model": "admin.logentry",
    "pk": 146,
    "fields": {
        "action_time": "2022-09-04T12:19:24.082Z",
        "user": 1,
        "content_type": 12,
        "object_id": "9",
        "object_repr": "bogdan.maksimenko.2002@gmail.com",
        "action_flag": 3,
        "change_message": ""
    }
},
{
    "model": "admin.logentry",
    "pk": 147,
    "fields": {
        "action_time": "2022-09-04T12:19:24.091Z",
        "user": 1,
        "content_type": 12,
        "object_id": "8",
        "object_repr": "bogdan.maksimenko.2002@gmail.com",
        "action_flag": 3,
        "change_message": ""
    }
},
{
    "model": "admin.logentry",
    "pk": 148,
    "fields": {
        "action_time": "2022-09-04T12:19:24.098Z",
        "user": 1,
        "content_type": 12,
        "object_id": "7",
        "object_repr": "bogdan.maksimenko.2002@gmail.com",
        "action_flag": 3,
        "change_message": ""
    }
},
{
    "model": "admin.logentry",
    "pk": 149,
    "fields": {
        "action_time": "2022-09-04T12:19:24.106Z",
        "user": 1,
        "content_type": 12,
        "object_id": "5",
        "object_repr": "bogda@gmail.com",
        "action_flag": 3,
        "change_message": ""
    }
},
{
    "model": "admin.logentry",
    "pk": 150,
    "fields": {
        "action_time": "2022-09-04T15:10:35.347Z",
        "user": 1,
        "content_type": 13,
        "object_id": "43",
        "object_repr": "asd",
        "action_flag": 3,
        "change_message": ""
    }
},
{
    "model": "admin.logentry",
    "pk": 151,
    "fields": {
        "action_time": "2022-09-04T15:10:35.356Z",
        "user": 1,
        "content_type": 13,
        "object_id": "42",
        "object_repr": "asd",
        "action_flag": 3,
        "change_message": ""
    }
},
{
    "model": "admin.logentry",
    "pk": 152,
    "fields": {
        "action_time": "2022-09-04T15:10:35.362Z",
        "user": 1,
        "content_type": 13,
        "object_id": "41",
        "object_repr": "asd",
        "action_flag": 3,
        "change_message": ""
    }
},
{
    "model": "admin.logentry",
    "pk": 153,
    "fields": {
        "action_time": "2022-09-04T15:10:35.368Z",
        "user": 1,
        "content_type": 13,
        "object_id": "40",
        "object_repr": "asd",
        "action_flag": 3,
        "change_message": ""
    }
},
{
    "model": "admin.logentry",
    "pk": 154,
    "fields": {
        "action_time": "2022-09-04T15:10:35.375Z",
        "user": 1,
        "content_type": 13,
        "object_id": "39",
        "object_repr": "asd",
        "action_flag": 3,
        "change_message": ""
    }
},
{
    "model": "admin.logentry",
    "pk": 155,
    "fields": {
        "action_time": "2022-09-04T15:10:35.381Z",
        "user": 1,
        "content_type": 13,
        "object_id": "38",
        "object_repr": "asd",
        "action_flag": 3,
        "change_message": ""
    }
},
{
    "model": "admin.logentry",
    "pk": 156,
    "fields": {
        "action_time": "2022-09-04T15:10:35.386Z",
        "user": 1,
        "content_type": 13,
        "object_id": "37",
        "object_repr": "asd",
        "action_flag": 3,
        "change_message": ""
    }
},
{
    "model": "admin.logentry",
    "pk": 157,
    "fields": {
        "action_time": "2022-09-04T15:10:35.392Z",
        "user": 1,
        "content_type": 13,
        "object_id": "36",
        "object_repr": "asd",
        "action_flag": 3,
        "change_message": ""
    }
},
{
    "model": "admin.logentry",
    "pk": 158,
    "fields": {
        "action_time": "2022-09-04T15:10:35.398Z",
        "user": 1,
        "content_type": 13,
        "object_id": "35",
        "object_repr": "asd",
        "action_flag": 3,
        "change_message": ""
    }
},
{
    "model": "admin.logentry",
    "pk": 159,
    "fields": {
        "action_time": "2022-09-04T15:10:35.403Z",
        "user": 1,
        "content_type": 13,
        "object_id": "34",
        "object_repr": "asd",
        "action_flag": 3,
        "change_message": ""
    }
},
{
    "model": "admin.logentry",
    "pk": 160,
    "fields": {
        "action_time": "2022-09-04T15:10:35.408Z",
        "user": 1,
        "content_type": 13,
        "object_id": "33",
        "object_repr": "asd",
        "action_flag": 3,
        "change_message": ""
    }
},
{
    "model": "admin.logentry",
    "pk": 161,
    "fields": {
        "action_time": "2022-09-04T15:10:35.413Z",
        "user": 1,
        "content_type": 13,
        "object_id": "32",
        "object_repr": "asd",
        "action_flag": 3,
        "change_message": ""
    }
},
{
    "model": "admin.logentry",
    "pk": 162,
    "fields": {
        "action_time": "2022-09-04T15:10:35.417Z",
        "user": 1,
        "content_type": 13,
        "object_id": "31",
        "object_repr": "asd",
        "action_flag": 3,
        "change_message": ""
    }
},
{
    "model": "admin.logentry",
    "pk": 163,
    "fields": {
        "action_time": "2022-09-04T15:10:35.421Z",
        "user": 1,
        "content_type": 13,
        "object_id": "30",
        "object_repr": "asd",
        "action_flag": 3,
        "change_message": ""
    }
},
{
    "model": "admin.logentry",
    "pk": 164,
    "fields": {
        "action_time": "2022-09-04T15:10:35.426Z",
        "user": 1,
        "content_type": 13,
        "object_id": "29",
        "object_repr": "asd",
        "action_flag": 3,
        "change_message": ""
    }
},
{
    "model": "admin.logentry",
    "pk": 165,
    "fields": {
        "action_time": "2022-09-04T15:10:35.430Z",
        "user": 1,
        "content_type": 13,
        "object_id": "28",
        "object_repr": "asdd",
        "action_flag": 3,
        "change_message": ""
    }
},
{
    "model": "admin.logentry",
    "pk": 166,
    "fields": {
        "action_time": "2022-09-04T15:10:35.435Z",
        "user": 1,
        "content_type": 13,
        "object_id": "27",
        "object_repr": "asdd",
        "action_flag": 3,
        "change_message": ""
    }
},
{
    "model": "admin.logentry",
    "pk": 167,
    "fields": {
        "action_time": "2022-09-04T15:10:35.439Z",
        "user": 1,
        "content_type": 13,
        "object_id": "26",
        "object_repr": "asdd",
        "action_flag": 3,
        "change_message": ""
    }
},
{
    "model": "admin.logentry",
    "pk": 168,
    "fields": {
        "action_time": "2022-09-04T15:10:35.444Z",
        "user": 1,
        "content_type": 13,
        "object_id": "25",
        "object_repr": "asdd",
        "action_flag": 3,
        "change_message": ""
    }
},
{
    "model": "admin.logentry",
    "pk": 169,
    "fields": {
        "action_time": "2022-09-04T15:10:35.449Z",
        "user": 1,
        "content_type": 13,
        "object_id": "24",
        "object_repr": "asdd",
        "action_flag": 3,
        "change_message": ""
    }
},
{
    "model": "admin.logentry",
    "pk": 170,
    "fields": {
        "action_time": "2022-09-04T15:10:35.454Z",
        "user": 1,
        "content_type": 13,
        "object_id": "23",
        "object_repr": "asdd",
        "action_flag": 3,
        "change_message": ""
    }
},
{
    "model": "admin.logentry",
    "pk": 171,
    "fields": {
        "action_time": "2022-09-04T15:10:35.459Z",
        "user": 1,
        "content_type": 13,
        "object_id": "22",
        "object_repr": "asd",
        "action_flag": 3,
        "change_message": ""
    }
},
{
    "model": "admin.logentry",
    "pk": 172,
    "fields": {
        "action_time": "2022-09-04T15:10:35.463Z",
        "user": 1,
        "content_type": 13,
        "object_id": "21",
        "object_repr": "asd",
        "action_flag": 3,
        "change_message": ""
    }
},
{
    "model": "admin.logentry",
    "pk": 173,
    "fields": {
        "action_time": "2022-09-04T15:10:35.468Z",
        "user": 1,
        "content_type": 13,
        "object_id": "20",
        "object_repr": "asd",
        "action_flag": 3,
        "change_message": ""
    }
},
{
    "model": "admin.logentry",
    "pk": 174,
    "fields": {
        "action_time": "2022-09-04T15:10:35.473Z",
        "user": 1,
        "content_type": 13,
        "object_id": "19",
        "object_repr": "asd",
        "action_flag": 3,
        "change_message": ""
    }
},
{
    "model": "admin.logentry",
    "pk": 175,
    "fields": {
        "action_time": "2022-09-04T16:35:06.995Z",
        "user": 1,
        "content_type": 13,
        "object_id": "46",
        "object_repr": "asd",
        "action_flag": 3,
        "change_message": ""
    }
},
{
    "model": "admin.logentry",
    "pk": 176,
    "fields": {
        "action_time": "2022-09-04T16:35:07.002Z",
        "user": 1,
        "content_type": 13,
        "object_id": "45",
        "object_repr": "asd",
        "action_flag": 3,
        "change_message": ""
    }
},
{
    "model": "admin.logentry",
    "pk": 177,
    "fields": {
        "action_time": "2022-09-04T16:35:07.010Z",
        "user": 1,
        "content_type": 13,
        "object_id": "44",
        "object_repr": "asd",
        "action_flag": 3,
        "change_message": ""
    }
},
{
    "model": "admin.logentry",
    "pk": 178,
    "fields": {
        "action_time": "2022-09-04T16:37:53.471Z",
        "user": 1,
        "content_type": 13,
        "object_id": "48",
        "object_repr": "asd",
        "action_flag": 3,
        "change_message": ""
    }
},
{
    "model": "admin.logentry",
    "pk": 179,
    "fields": {
        "action_time": "2022-09-04T16:37:53.478Z",
        "user": 1,
        "content_type": 13,
        "object_id": "47",
        "object_repr": "asd",
        "action_flag": 3,
        "change_message": ""
    }
},
{
    "model": "admin.logentry",
    "pk": 180,
    "fields": {
        "action_time": "2022-09-04T16:43:11.821Z",
        "user": 1,
        "content_type": 13,
        "object_id": "49",
        "object_repr": "Asdd",
        "action_flag": 3,
        "change_message": ""
    }
},
{
    "model": "admin.logentry",
    "pk": 181,
    "fields": {
        "action_time": "2022-09-04T16:49:11.362Z",
        "user": 1,
        "content_type": 13,
        "object_id": "53",
        "object_repr": "zxc",
        "action_flag": 3,
        "change_message": ""
    }
},
{
    "model": "admin.logentry",
    "pk": 182,
    "fields": {
        "action_time": "2022-09-04T16:49:11.372Z",
        "user": 1,
        "content_type": 13,
        "object_id": "52",
        "object_repr": "asdd",
        "action_flag": 3,
        "change_message": ""
    }
},
{
    "model": "admin.logentry",
    "pk": 183,
    "fields": {
        "action_time": "2022-09-04T16:49:11.378Z",
        "user": 1,
        "content_type": 13,
        "object_id": "51",
        "object_repr": "asd",
        "action_flag": 3,
        "change_message": ""
    }
},
{
    "model": "admin.logentry",
    "pk": 184,
    "fields": {
        "action_time": "2022-09-04T16:49:11.383Z",
        "user": 1,
        "content_type": 13,
        "object_id": "50",
        "object_repr": "asd",
        "action_flag": 3,
        "change_message": ""
    }
},
{
    "model": "admin.logentry",
    "pk": 185,
    "fields": {
        "action_time": "2022-09-04T17:39:31.833Z",
        "user": 1,
        "content_type": 13,
        "object_id": "63",
        "object_repr": "asd",
        "action_flag": 3,
        "change_message": ""
    }
},
{
    "model": "admin.logentry",
    "pk": 186,
    "fields": {
        "action_time": "2022-09-04T17:39:31.841Z",
        "user": 1,
        "content_type": 13,
        "object_id": "62",
        "object_repr": "asd",
        "action_flag": 3,
        "change_message": ""
    }
},
{
    "model": "admin.logentry",
    "pk": 187,
    "fields": {
        "action_time": "2022-09-04T17:39:31.847Z",
        "user": 1,
        "content_type": 13,
        "object_id": "61",
        "object_repr": "asd",
        "action_flag": 3,
        "change_message": ""
    }
},
{
    "model": "admin.logentry",
    "pk": 188,
    "fields": {
        "action_time": "2022-09-04T17:39:31.853Z",
        "user": 1,
        "content_type": 13,
        "object_id": "60",
        "object_repr": "asd",
        "action_flag": 3,
        "change_message": ""
    }
},
{
    "model": "admin.logentry",
    "pk": 189,
    "fields": {
        "action_time": "2022-09-04T17:39:31.858Z",
        "user": 1,
        "content_type": 13,
        "object_id": "59",
        "object_repr": "asd",
        "action_flag": 3,
        "change_message": ""
    }
},
{
    "model": "admin.logentry",
    "pk": 190,
    "fields": {
        "action_time": "2022-09-04T17:39:31.862Z",
        "user": 1,
        "content_type": 13,
        "object_id": "58",
        "object_repr": "asd",
        "action_flag": 3,
        "change_message": ""
    }
},
{
    "model": "admin.logentry",
    "pk": 191,
    "fields": {
        "action_time": "2022-09-04T17:39:31.866Z",
        "user": 1,
        "content_type": 13,
        "object_id": "57",
        "object_repr": "asd",
        "action_flag": 3,
        "change_message": ""
    }
},
{
    "model": "admin.logentry",
    "pk": 192,
    "fields": {
        "action_time": "2022-09-04T17:39:31.871Z",
        "user": 1,
        "content_type": 13,
        "object_id": "56",
        "object_repr": "asd",
        "action_flag": 3,
        "change_message": ""
    }
},
{
    "model": "admin.logentry",
    "pk": 193,
    "fields": {
        "action_time": "2022-09-04T17:39:31.875Z",
        "user": 1,
        "content_type": 13,
        "object_id": "55",
        "object_repr": "asd",
        "action_flag": 3,
        "change_message": ""
    }
},
{
    "model": "admin.logentry",
    "pk": 194,
    "fields": {
        "action_time": "2022-09-04T17:39:31.879Z",
        "user": 1,
        "content_type": 13,
        "object_id": "54",
        "object_repr": "asd",
        "action_flag": 3,
        "change_message": ""
    }
},
{
    "model": "admin.logentry",
    "pk": 195,
    "fields": {
        "action_time": "2022-09-05T15:14:34.991Z",
        "user": 1,
        "content_type": 13,
        "object_id": "66",
        "object_repr": "bogdan",
        "action_flag": 3,
        "change_message": ""
    }
},
{
    "model": "admin.logentry",
    "pk": 196,
    "fields": {
        "action_time": "2022-09-05T15:14:52.096Z",
        "user": 1,
        "content_type": 13,
        "object_id": "67",
        "object_repr": "asdd",
        "action_flag": 3,
        "change_message": ""
    }
},
{
    "model": "admin.logentry",
    "pk": 197,
    "fields": {
        "action_time": "2022-09-05T15:14:52.104Z",
        "user": 1,
        "content_type": 13,
        "object_id": "65",
        "object_repr": "asd",
        "action_flag": 3,
        "change_message": ""
    }
},
{
    "model": "admin.logentry",
    "pk": 198,
    "fields": {
        "action_time": "2022-09-05T15:14:52.110Z",
        "user": 1,
        "content_type": 13,
        "object_id": "64",
        "object_repr": "bogdan",
        "action_flag": 3,
        "change_message": ""
    }
},
{
    "model": "auth.permission",
    "pk": 1,
    "fields": {
        "name": "Can add log entry",
        "content_type": 1,
        "codename": "add_logentry"
    }
},
{
    "model": "auth.permission",
    "pk": 2,
    "fields": {
        "name": "Can change log entry",
        "content_type": 1,
        "codename": "change_logentry"
    }
},
{
    "model": "auth.permission",
    "pk": 3,
    "fields": {
        "name": "Can delete log entry",
        "content_type": 1,
        "codename": "delete_logentry"
    }
},
{
    "model": "auth.permission",
    "pk": 4,
    "fields": {
        "name": "Can view log entry",
        "content_type": 1,
        "codename": "view_logentry"
    }
},
{
    "model": "auth.permission",
    "pk": 5,
    "fields": {
        "name": "Can add permission",
        "content_type": 2,
        "codename": "add_permission"
    }
},
{
    "model": "auth.permission",
    "pk": 6,
    "fields": {
        "name": "Can change permission",
        "content_type": 2,
        "codename": "change_permission"
    }
},
{
    "model": "auth.permission",
    "pk": 7,
    "fields": {
        "name": "Can delete permission",
        "content_type": 2,
        "codename": "delete_permission"
    }
},
{
    "model": "auth.permission",
    "pk": 8,
    "fields": {
        "name": "Can view permission",
        "content_type": 2,
        "codename": "view_permission"
    }
},
{
    "model": "auth.permission",
    "pk": 9,
    "fields": {
        "name": "Can add group",
        "content_type": 3,
        "codename": "add_group"
    }
},
{
    "model": "auth.permission",
    "pk": 10,
    "fields": {
        "name": "Can change group",
        "content_type": 3,
        "codename": "change_group"
    }
},
{
    "model": "auth.permission",
    "pk": 11,
    "fields": {
        "name": "Can delete group",
        "content_type": 3,
        "codename": "delete_group"
    }
},
{
    "model": "auth.permission",
    "pk": 12,
    "fields": {
        "name": "Can view group",
        "content_type": 3,
        "codename": "view_group"
    }
},
{
    "model": "auth.permission",
    "pk": 13,
    "fields": {
        "name": "Can add user",
        "content_type": 4,
        "codename": "add_user"
    }
},
{
    "model": "auth.permission",
    "pk": 14,
    "fields": {
        "name": "Can change user",
        "content_type": 4,
        "codename": "change_user"
    }
},
{
    "model": "auth.permission",
    "pk": 15,
    "fields": {
        "name": "Can delete user",
        "content_type": 4,
        "codename": "delete_user"
    }
},
{
    "model": "auth.permission",
    "pk": 16,
    "fields": {
        "name": "Can view user",
        "content_type": 4,
        "codename": "view_user"
    }
},
{
    "model": "auth.permission",
    "pk": 17,
    "fields": {
        "name": "Can add content type",
        "content_type": 5,
        "codename": "add_contenttype"
    }
},
{
    "model": "auth.permission",
    "pk": 18,
    "fields": {
        "name": "Can change content type",
        "content_type": 5,
        "codename": "change_contenttype"
    }
},
{
    "model": "auth.permission",
    "pk": 19,
    "fields": {
        "name": "Can delete content type",
        "content_type": 5,
        "codename": "delete_contenttype"
    }
},
{
    "model": "auth.permission",
    "pk": 20,
    "fields": {
        "name": "Can view content type",
        "content_type": 5,
        "codename": "view_contenttype"
    }
},
{
    "model": "auth.permission",
    "pk": 21,
    "fields": {
        "name": "Can add session",
        "content_type": 6,
        "codename": "add_session"
    }
},
{
    "model": "auth.permission",
    "pk": 22,
    "fields": {
        "name": "Can change session",
        "content_type": 6,
        "codename": "change_session"
    }
},
{
    "model": "auth.permission",
    "pk": 23,
    "fields": {
        "name": "Can delete session",
        "content_type": 6,
        "codename": "delete_session"
    }
},
{
    "model": "auth.permission",
    "pk": 24,
    "fields": {
        "name": "Can view session",
        "content_type": 6,
        "codename": "view_session"
    }
},
{
    "model": "auth.permission",
    "pk": 25,
    "fields": {
        "name": "Can add category",
        "content_type": 7,
        "codename": "add_category"
    }
},
{
    "model": "auth.permission",
    "pk": 26,
    "fields": {
        "name": "Can change category",
        "content_type": 7,
        "codename": "change_category"
    }
},
{
    "model": "auth.permission",
    "pk": 27,
    "fields": {
        "name": "Can delete category",
        "content_type": 7,
        "codename": "delete_category"
    }
},
{
    "model": "auth.permission",
    "pk": 28,
    "fields": {
        "name": "Can view category",
        "content_type": 7,
        "codename": "view_category"
    }
},
{
    "model": "auth.permission",
    "pk": 29,
    "fields": {
        "name": "Can add sale item",
        "content_type": 8,
        "codename": "add_saleitem"
    }
},
{
    "model": "auth.permission",
    "pk": 30,
    "fields": {
        "name": "Can change sale item",
        "content_type": 8,
        "codename": "change_saleitem"
    }
},
{
    "model": "auth.permission",
    "pk": 31,
    "fields": {
        "name": "Can delete sale item",
        "content_type": 8,
        "codename": "delete_saleitem"
    }
},
{
    "model": "auth.permission",
    "pk": 32,
    "fields": {
        "name": "Can view sale item",
        "content_type": 8,
        "codename": "view_saleitem"
    }
},
{
    "model": "auth.permission",
    "pk": 33,
    "fields": {
        "name": "Can add product",
        "content_type": 9,
        "codename": "add_product"
    }
},
{
    "model": "auth.permission",
    "pk": 34,
    "fields": {
        "name": "Can change product",
        "content_type": 9,
        "codename": "change_product"
    }
},
{
    "model": "auth.permission",
    "pk": 35,
    "fields": {
        "name": "Can delete product",
        "content_type": 9,
        "codename": "delete_product"
    }
},
{
    "model": "auth.permission",
    "pk": 36,
    "fields": {
        "name": "Can view product",
        "content_type": 9,
        "codename": "view_product"
    }
},
{
    "model": "auth.permission",
    "pk": 37,
    "fields": {
        "name": "Can add custom slider",
        "content_type": 10,
        "codename": "add_customslider"
    }
},
{
    "model": "auth.permission",
    "pk": 38,
    "fields": {
        "name": "Can change custom slider",
        "content_type": 10,
        "codename": "change_customslider"
    }
},
{
    "model": "auth.permission",
    "pk": 39,
    "fields": {
        "name": "Can delete custom slider",
        "content_type": 10,
        "codename": "delete_customslider"
    }
},
{
    "model": "auth.permission",
    "pk": 40,
    "fields": {
        "name": "Can view custom slider",
        "content_type": 10,
        "codename": "view_customslider"
    }
},
{
    "model": "auth.permission",
    "pk": 41,
    "fields": {
        "name": "Can add user form",
        "content_type": 11,
        "codename": "add_userform"
    }
},
{
    "model": "auth.permission",
    "pk": 42,
    "fields": {
        "name": "Can change user form",
        "content_type": 11,
        "codename": "change_userform"
    }
},
{
    "model": "auth.permission",
    "pk": 43,
    "fields": {
        "name": "Can delete user form",
        "content_type": 11,
        "codename": "delete_userform"
    }
},
{
    "model": "auth.permission",
    "pk": 44,
    "fields": {
        "name": "Can view user form",
        "content_type": 11,
        "codename": "view_userform"
    }
},
{
    "model": "auth.permission",
    "pk": 45,
    "fields": {
        "name": "Can add mailing",
        "content_type": 12,
        "codename": "add_mailing"
    }
},
{
    "model": "auth.permission",
    "pk": 46,
    "fields": {
        "name": "Can change mailing",
        "content_type": 12,
        "codename": "change_mailing"
    }
},
{
    "model": "auth.permission",
    "pk": 47,
    "fields": {
        "name": "Can delete mailing",
        "content_type": 12,
        "codename": "delete_mailing"
    }
},
{
    "model": "auth.permission",
    "pk": 48,
    "fields": {
        "name": "Can view mailing",
        "content_type": 12,
        "codename": "view_mailing"
    }
},
{
    "model": "auth.permission",
    "pk": 49,
    "fields": {
        "name": "Can add user order form",
        "content_type": 13,
        "codename": "add_userorderform"
    }
},
{
    "model": "auth.permission",
    "pk": 50,
    "fields": {
        "name": "Can change user order form",
        "content_type": 13,
        "codename": "change_userorderform"
    }
},
{
    "model": "auth.permission",
    "pk": 51,
    "fields": {
        "name": "Can delete user order form",
        "content_type": 13,
        "codename": "delete_userorderform"
    }
},
{
    "model": "auth.permission",
    "pk": 52,
    "fields": {
        "name": "Can view user order form",
        "content_type": 13,
        "codename": "view_userorderform"
    }
},
{
    "model": "auth.group",
    "pk": 1,
    "fields": {
        "name": "manager",
        "permissions": []
    }
},
{
    "model": "auth.user",
    "pk": 1,
    "fields": {
        "password": "pbkdf2_sha256$390000$1zIZXELlCnOK2iBgi6AcMd$CVjmlzEvaibj+GulJJkqWFKEs49vZqIhsE9RYnO+ujc=",
        "last_login": "2022-09-05T14:11:48.015Z",
        "is_superuser": true,
        "username": "admin",
        "first_name": "",
        "last_name": "",
        "email": "asdasd@gmail.com",
        "is_staff": true,
        "is_active": true,
        "date_joined": "2022-08-27T09:42:15.623Z",
        "groups": [],
        "user_permissions": []
    }
},
{
    "model": "auth.user",
    "pk": 2,
    "fields": {
        "password": "pbkdf2_sha256$390000$Xxi2hfqdSexqUYA5NWgUsO$wfC6LxXKCW2rSoXY2CMejvx8FCr+q6vdnyckqSOJKFI=",
        "last_login": "2022-09-05T07:33:41.759Z",
        "is_superuser": false,
        "username": "user1",
        "first_name": "",
        "last_name": "",
        "email": "asd@gmail.com",
        "is_staff": false,
        "is_active": true,
        "date_joined": "2022-08-29T20:03:42.612Z",
        "groups": [],
        "user_permissions": []
    }
},
{
    "model": "auth.user",
    "pk": 7,
    "fields": {
        "password": "pbkdf2_sha256$390000$k05noBdaHc2NhxSoO7LgRk$/xGax0jymCSq7BWOfIUdKA0mefJ4Lcy8ztRWAIvJbYo=",
        "last_login": "2022-09-04T16:47:15.545Z",
        "is_superuser": false,
        "username": "manager1",
        "first_name": "",
        "last_name": "",
        "email": "asdsad@gmail.com",
        "is_staff": false,
        "is_active": true,
        "date_joined": "2022-08-30T11:21:15Z",
        "groups": [
            1
        ],
        "user_permissions": []
    }
},
{
    "model": "auth.user",
    "pk": 12,
    "fields": {
        "password": "pbkdf2_sha256$390000$HEgL9GJ0CMiHFYGlg31y5H$pXuQ8yOYPSayM/nexVhEYrKewgfYzxetN0nDJ+bnpus=",
        "last_login": "2022-09-03T18:45:07.949Z",
        "is_superuser": false,
        "username": "user2",
        "first_name": "",
        "last_name": "",
        "email": "some@gmail.com",
        "is_staff": false,
        "is_active": true,
        "date_joined": "2022-09-01T18:02:05.986Z",
        "groups": [],
        "user_permissions": []
    }
},
{
    "model": "auth.user",
    "pk": 13,
    "fields": {
        "password": "pbkdf2_sha256$390000$ZSKF7WZbvFgwBVbWUV15LQ$H5MwTxYvaUx08qvpr2bSQWGcYzDbyo+8rf2X1bUICko=",
        "last_login": null,
        "is_superuser": false,
        "username": "user3",
        "first_name": "",
        "last_name": "",
        "email": "asd@gmail.com",
        "is_staff": false,
        "is_active": true,
        "date_joined": "2022-09-01T18:02:20.797Z",
        "groups": [],
        "user_permissions": []
    }
},
{
    "model": "auth.user",
    "pk": 14,
    "fields": {
        "password": "pbkdf2_sha256$390000$RMvvHiySZrKv0YfaHKq8OV$rW5BPjUL3WBeAOOAAQ9MhXdFVnLmr8OYon/1jalJkUs=",
        "last_login": "2022-09-02T13:27:36.578Z",
        "is_superuser": false,
        "username": "user4",
        "first_name": "",
        "last_name": "",
        "email": "asdd@gmail.com",
        "is_staff": false,
        "is_active": true,
        "date_joined": "2022-09-01T18:05:24.354Z",
        "groups": [],
        "user_permissions": []
    }
},
{
    "model": "auth.user",
    "pk": 15,
    "fields": {
        "password": "pbkdf2_sha256$390000$nWpThTs4QuikgQb9eKsHec$KJJrCHHBu5zE8SZIbizNFtYg2Z3TGFmzA2TbjcayIx4=",
        "last_login": "2022-09-05T14:10:34.198Z",
        "is_superuser": false,
        "username": "user8",
        "first_name": "",
        "last_name": "",
        "email": "bogdan.maksimenko.2002@gmail.com",
        "is_staff": false,
        "is_active": true,
        "date_joined": "2022-09-04T12:28:52.465Z",
        "groups": [],
        "user_permissions": []
    }
},
{
    "model": "auth.user",
    "pk": 16,
    "fields": {
        "password": "pbkdf2_sha256$390000$avggU5eFzwqbfAfTMceHeJ$9rQM8QTxpsLLXc+/HQDa8rUD+cbk6GiPqw9NwmPkKss=",
        "last_login": "2022-09-04T17:31:13.629Z",
        "is_superuser": false,
        "username": "user9",
        "first_name": "",
        "last_name": "",
        "email": "asd@gmail.com",
        "is_staff": false,
        "is_active": true,
        "date_joined": "2022-09-04T17:31:13.426Z",
        "groups": [],
        "user_permissions": []
    }
},
{
    "model": "contenttypes.contenttype",
    "pk": 1,
    "fields": {
        "app_label": "admin",
        "model": "logentry"
    }
},
{
    "model": "contenttypes.contenttype",
    "pk": 2,
    "fields": {
        "app_label": "auth",
        "model": "permission"
    }
},
{
    "model": "contenttypes.contenttype",
    "pk": 3,
    "fields": {
        "app_label": "auth",
        "model": "group"
    }
},
{
    "model": "contenttypes.contenttype",
    "pk": 4,
    "fields": {
        "app_label": "auth",
        "model": "user"
    }
},
{
    "model": "contenttypes.contenttype",
    "pk": 5,
    "fields": {
        "app_label": "contenttypes",
        "model": "contenttype"
    }
},
{
    "model": "contenttypes.contenttype",
    "pk": 6,
    "fields": {
        "app_label": "sessions",
        "model": "session"
    }
},
{
    "model": "contenttypes.contenttype",
    "pk": 7,
    "fields": {
        "app_label": "base",
        "model": "category"
    }
},
{
    "model": "contenttypes.contenttype",
    "pk": 8,
    "fields": {
        "app_label": "base",
        "model": "saleitem"
    }
},
{
    "model": "contenttypes.contenttype",
    "pk": 9,
    "fields": {
        "app_label": "base",
        "model": "product"
    }
},
{
    "model": "contenttypes.contenttype",
    "pk": 10,
    "fields": {
        "app_label": "base",
        "model": "customslider"
    }
},
{
    "model": "contenttypes.contenttype",
    "pk": 11,
    "fields": {
        "app_label": "base",
        "model": "userform"
    }
},
{
    "model": "contenttypes.contenttype",
    "pk": 12,
    "fields": {
        "app_label": "base",
        "model": "mailing"
    }
},
{
    "model": "contenttypes.contenttype",
    "pk": 13,
    "fields": {
        "app_label": "cart",
        "model": "userorderform"
    }
},
{
    "model": "sessions.session",
    "pk": "12u98hpo7yfvial2elag0jk6v0yaqqm1",
    "fields": {
        "session_data": ".eJxVjDsOgzAQBe_iOrKMbGyWMn3OgPZHTBKBBKZC3D0gUSTtm3mzmQ7Xkrt10bkbxLSmMrffjZDfOp5AXjg-J8vTWOaB7KnYiy72MYl-7pf7F8i45OPNlAgdVEkCU9Cmib0HTRAc-xAwOgWIxDEw1uBiRMGexNeek9QgekQZ52Labd-_NBc7wQ:1oVDw4:rd0OuEQXQ29vYB0q3M05vc1cBg6OHhixY-HPd2nlsbs",
        "expire_date": "2022-09-19T15:22:52.233Z"
    }
},
{
    "model": "sessions.session",
    "pk": "clmrh1606cjvj2zf01ot1ffr45balcy6",
    "fields": {
        "session_data": ".eJxVjMEOgyAQRP9lzw1BkFY89t5vILvLUmwbTRBPxn-vJl68Tea9mRUYS4V-3W4QcKk5LLOUMETooXFwKQn5K-NB4gfH96R4GmsZSB2KOumsXlOU3_N0LwcZ57yvU8cW0SC1Ea2mh1j2SBi9syaxb9n7xNJpw446acwekljRd22SOEOw_QGLtzyO:1oV6dP:J_Sr81mS_klQUZGqC2TIlhtiaBXIWzWGmfzBjy3UENQ",
        "expire_date": "2022-09-19T07:35:07.566Z"
    }
},
{
    "model": "sessions.session",
    "pk": "guar64n1n5hg1pcyvm2alcsv569uataw",
    "fields": {
        "session_data": "e30:1oTgrj:77rDttRaR9CkPux0Od-F_1Zay4R5ibbaqy-aZS5DYGE",
        "expire_date": "2022-09-15T09:52:03.080Z"
    }
},
{
    "model": "sessions.session",
    "pk": "rf8ocyea8ph6bi6p0y6e3p2ncn2f3gzg",
    "fields": {
        "session_data": ".eJxVjDsOwjAQRO_iGll2_IlNSc8ZrF3vggPIluKkQtydREoBxTTz3sxbJFiXktbOc5pInMUoTr8dQn5y3QE9oN6bzK0u84RyV-RBu7w24tflcP8OCvSyrW0crHVbglYmIrHywJY8e80YLDDqgWJE727GQB4dE6mQXTbkg3EoPl_PmTfb:1oSzVD:oU2qhP-MRZmU5oy3AGAhluLELs1NkHDwdspiY5WS2XQ",
        "expire_date": "2022-09-13T11:33:55.568Z"
    }
},
{
    "model": "sessions.session",
    "pk": "s9nmci1d00dutfsn91brca4b6cj8dxdd",
    "fields": {
        "session_data": "eyJjYXJ0Ijp7fX0:1oUayf:AUfVa2mjodE52N0h43dqGLazs_RqNYSYeUUSl4LMc-Q",
        "expire_date": "2022-09-17T21:46:57.939Z"
    }
},
{
    "model": "sessions.session",
    "pk": "ua0ub0vbia0uno44w264nivi01nkmgui",
    "fields": {
        "session_data": "eyJjYXJ0Ijp7fX0:1oToTk:R88pXA7UIFeuXUR5N7q4zxQwowOLeRIeh_OGOU0JMWg",
        "expire_date": "2022-09-15T17:59:48.416Z"
    }
},
{
    "model": "sessions.session",
    "pk": "uixi2w9wvmcyjzr50rjz0v6ri2usd3h2",
    "fields": {
        "session_data": "e30:1oToUE:79z0bRhc5AV432E2VMQxoDVvApW_iaI0bu6eGVvdsIo",
        "expire_date": "2022-09-15T18:00:18.701Z"
    }
},
{
    "model": "sessions.session",
    "pk": "yubivijpteapecmm2s0wqyoj13x07sqw",
    "fields": {
        "session_data": ".eJxVjDsOwjAQBe_iGlmO7KyzlPScIdpfSADZUj4V4u4QKQW0b2bey_W0rWO_LTb3k7qza9zpd2OSh5Ud6J3KrXqpZZ0n9rviD7r4a1V7Xg7372CkZfzWwpkpYJM1CSfrOhgiWsYUJKZEEAwRWCAJtRgASGlgjW2UrC2qufcH8Kw4dQ:1oTJhc:LoSX5bd75tcYar8vq6N9VNcWQgOS8cwU_U0UkZv_Swo",
        "expire_date": "2022-09-14T09:08:04.779Z"
    }
},
{
    "model": "base.saleitem",
    "pk": 1,
    "fields": {
        "name": "Chandelier nga FREYA 12268",
        "slug": "chandelier-nga-freya-12268",
        "small_description": "Fastening type:\r\nstele hook\r\nDzherelo light:\r\n5 x E14 (max.60.00W), bathed in okremo\r\nDimensions:\r\n97.4 c",
        "past_price": "22.00",
        "new_price": "14.00",
        "is_visible": true,
        "position": 1,
        "picture": "sale/2022-08-27/12268b0_big_bcLptJm.jpg"
    }
},
{
    "model": "base.saleitem",
    "pk": 2,
    "fields": {
        "name": "Chandelier MAYTONI 27260",
        "slug": "Chandelier-MAYTONI-27260",
        "small_description": "Fastening type:\r\nmounting plate\r\nDzherelo light:\r\n6 x E14 (max.40.00W), bathed in okremo\r\nDimensions:\r\n81.5 cm\r\n \r\n100 cm",
        "past_price": "350.00",
        "new_price": "225.50",
        "is_visible": true,
        "position": 2,
        "picture": "sale/2022-09-01/27260b0_big_hwuMrD5.jpg"
    }
},
{
    "model": "base.saleitem",
    "pk": 3,
    "fields": {
        "name": "Chandelier MAYTONI 31809",
        "slug": "Chandelier-MAYTONI-31809",
        "small_description": "Fastening type:\r\nmounting plate\r\nDzherelo light:\r\n2 x E14 (max.40.00W), bathed in okremo\r\nDimensions:\r\n76 cm\r\n \r\n95 cm\r\n \r\n15 cm",
        "past_price": "22.00",
        "new_price": "12.00",
        "is_visible": true,
        "position": 3,
        "picture": "sale/2022-08-27/31809b0_big_cuskCyl.jpg"
    }
},
{
    "model": "base.saleitem",
    "pk": 4,
    "fields": {
        "name": "Bath lamp NOWODVORSKI 37544",
        "slug": "Bath-lamp-NOWODVORSKI-37544",
        "small_description": "Fastening type:\r\nmounting plate\r\nDzherelo light:\r\n1 x G9 (max.25.00W), \r\nDimensions:\r\n17.7",
        "past_price": "11.00",
        "new_price": "4.00",
        "is_visible": true,
        "position": 4,
        "picture": "sale/2022-09-01/37544b0_big_VSPk2z1.jpg"
    }
},
{
    "model": "base.saleitem",
    "pk": 5,
    "fields": {
        "name": "Street lamp NOWODVORSKI 84933",
        "slug": "Street-amp-NOWODVORSKI-84933",
        "small_description": "Fastening type:\r\nmounting plate\r\nDzherelo light:\r\n1 x E27 (max.60.00W), bathed in okremo\r\nDimensions:\r\n38 cm\r\n \r\n25 cm",
        "past_price": "31.00",
        "new_price": "14.00",
        "is_visible": true,
        "position": 5,
        "picture": "sale/2022-08-27/84933b0_big_8MhS3Yz.jpg"
    }
},
{
    "model": "base.saleitem",
    "pk": 6,
    "fields": {
        "name": "Street lamp NOWODVORSKI 58255",
        "slug": "street-lamp-nowodvorski-58255",
        "small_description": "Fastening type:\r\nmounting plate\r\nDzherelo light:\r\n1 x E27 (max.60.00W), bathed in okremo\r\nDimensions:\r\n46 cm\r\n \r\n18 cm\r\n \r\n28 cm",
        "past_price": "110.00",
        "new_price": "100.00",
        "is_visible": true,
        "position": 6,
        "picture": "sale/2022-08-27/58255b0_big_t3SxQnC.jpg"
    }
},
{
    "model": "base.saleitem",
    "pk": 7,
    "fields": {
        "name": "Chandelier WUNDERLICHT 40383",
        "slug": "chandelier-wunderlicht-40383",
        "small_description": "Fastening type:\r\nmounting plate\r\nDzherelo light:\r\n6 x E14 (max.40.00W), bathed in okremo\r\nDimensions:\r\n30 cm\r\n \r\n91 cm",
        "past_price": "110.00",
        "new_price": "90.00",
        "is_visible": true,
        "position": 7,
        "picture": "sale/2022-08-27/40383b0_big.jpg"
    }
},
{
    "model": "base.saleitem",
    "pk": 8,
    "fields": {
        "name": "Chandelier WUNDERLICHT 40412",
        "slug": "chandelier-wunderlicht-40412",
        "small_description": "Fastening type:\r\nmounting plate\r\nDzherelo light:\r\n6 x E14 (max.40.00W), bathed in okremo\r\nDimensions:\r\n38 cm\r\n \r\n63 cm",
        "past_price": "70.00",
        "new_price": "66.20",
        "is_visible": true,
        "position": 39,
        "picture": "sale/2022-08-27/40412b0_big.jpg"
    }
},
{
    "model": "base.saleitem",
    "pk": 9,
    "fields": {
        "name": "Chandelier EGLO 14723",
        "slug": "chandelier-eglo-14723",
        "small_description": "",
        "past_price": "200.00",
        "new_price": "110.00",
        "is_visible": false,
        "position": 29,
        "picture": "sale/2022-08-31/14723b0_big.jpg"
    }
},
{
    "model": "base.category",
    "pk": 1,
    "fields": {
        "name": "Lamp",
        "position": 1,
        "is_visible": true
    }
},
{
    "model": "base.category",
    "pk": 2,
    "fields": {
        "name": "Desk Lamp",
        "position": 2,
        "is_visible": true
    }
},
{
    "model": "base.category",
    "pk": 3,
    "fields": {
        "name": "Сhandeliers",
        "position": 3,
        "is_visible": true
    }
},
{
    "model": "base.category",
    "pk": 4,
    "fields": {
        "name": "ECO",
        "position": 4,
        "is_visible": false
    }
},
{
    "model": "base.category",
    "pk": 5,
    "fields": {
        "name": "Floor lamp",
        "position": 5,
        "is_visible": true
    }
},
{
    "model": "base.product",
    "pk": 1,
    "fields": {
        "name": "Chandelier nga MAYTONI 17737",
        "slug": "chandelier-nga-maytoni-17737",
        "small_description": "Fastening type:\r\nmounting bar\r\nLight:\r\n1 x GU10 (max.50.00W), purchased separately\r\nDimensions:\r\n158 cm\r\n  10 s",
        "price": "25.50",
        "is_visible": true,
        "picture": "product/2022-08-27/17737b0_big.jpg",
        "category": 3
    }
},
{
    "model": "base.product",
    "pk": 3,
    "fields": {
        "name": "Table lamp EGLO 35982",
        "slug": "Table-amp-EGLO-35982",
        "small_description": "Fastening type:\r\non a clamp\r\nLight:\r\n1 x E27 (max.40.00W), purchased separately\r\nDimensions:\r\n22 cm- 73 cm",
        "price": "15.00",
        "is_visible": true,
        "picture": "product/2022-08-31/35982b0_big.jpg",
        "category": 2
    }
},
{
    "model": "base.product",
    "pk": 5,
    "fields": {
        "name": "Kandelero nga WUNDERLICHT 25312",
        "slug": "kandelero-nga-wunderlicht-25312",
        "small_description": "Fastening type:mounting bar\r\nLight:6 x E14 (max.40.00W), purchased separately\r\nDimensions:\r\n17 cm-77 cm",
        "price": "40.00",
        "is_visible": true,
        "picture": "product/2022-08-27/25312b0_big.jpg",
        "category": 3
    }
},
{
    "model": "base.product",
    "pk": 6,
    "fields": {
        "name": "Lamp EGLO 93380",
        "slug": "lamp-eglo-93380",
        "small_description": "Dimensions:\r\n11.8 cm\r\n9.5 cm\r\nCartridge type:\r\nE27\r\nLamp power, W:\r\n6.00",
        "price": "10.00",
        "is_visible": true,
        "picture": "product/2022-08-27/93380b0_big_Okogblx.jpg",
        "category": 1
    }
},
{
    "model": "base.product",
    "pk": 7,
    "fields": {
        "name": "Chandelier BLITZ 16036",
        "slug": "chandelier-blitz-16036",
        "small_description": "Fastening type: mounting bar\r\nLight source: 5 x E14 (max. 40.00 W),\r\nare purchased separately\r\nDimensions: 28 cm-55 cm",
        "price": "200.00",
        "is_visible": true,
        "picture": "product/2022-08-31/16036b0_big_RwVHGkB.jpg",
        "category": 3
    }
},
{
    "model": "base.product",
    "pk": 8,
    "fields": {
        "name": "Floor lamp NOWODVORSKI 84941",
        "slug": "floor-lamp-nowodvorski-84941",
        "small_description": "Fastening type:\r\non the surface\r\nLight:\r\n1 x E27 (max.100.00W), purchased separately\r\nDimensions:\r\n205 cm\r\n \r\n30 cm\r\n \r\n186 cm",
        "price": "100.00",
        "is_visible": true,
        "picture": "product/2022-08-31/84941b0_big.jpg",
        "category": 5
    }
},
{
    "model": "base.product",
    "pk": 9,
    "fields": {
        "name": "Floor lamp MAYTONI 27177",
        "slug": "floor-lamp-maytoni-27177",
        "small_description": "Light:\r\n1 x E27 (max.60.00W), purchased separately\r\nDimensions:\r\n235 cm\r\n \r\n55 cm\r\n \r\n173 cm",
        "price": "149.00",
        "is_visible": true,
        "picture": "product/2022-08-31/27177b0_big.jpg",
        "category": 5
    }
},
{
    "model": "base.product",
    "pk": 10,
    "fields": {
        "name": "Floor lamp ZUMALINE 78322",
        "slug": "floor-lamp-zumaline-78322",
        "small_description": "Fastening type:\r\non the surface\r\nLight:\r\n5 x E14 (max.40.00W), purchased separately\r\nDimensions:\r\n208 cm\r\n \r\n115 cm",
        "price": "350.00",
        "is_visible": true,
        "picture": "product/2022-08-31/78322b0_big.jpg",
        "category": 5
    }
},
{
    "model": "base.product",
    "pk": 11,
    "fields": {
        "name": "Floor lamp EGLO 37772",
        "slug": "floor-lamp-eglo-37772",
        "small_description": "Fastening type:\r\non the surface\r\nLight:\r\n1 x E27 (max.60.00W), purchased separately\r\nDimensions:\r\n176",
        "price": "168.00",
        "is_visible": true,
        "picture": "product/2022-08-31/37772b0_big.jpg",
        "category": 5
    }
},
{
    "model": "base.product",
    "pk": 12,
    "fields": {
        "name": "Chandelier EGLO 26011",
        "slug": "chandelier-eglo-26011",
        "small_description": "Mount type:\r\nmounting plate\r\nLight source:\r\n3 x E27 (max.60.00W), sold separately\r\nDimensions:\r\n36 cm",
        "price": "250.00",
        "is_visible": true,
        "picture": "product/2022-08-31/26011b0_big.jpg",
        "category": 3
    }
},
{
    "model": "base.product",
    "pk": 13,
    "fields": {
        "name": "Lamp EGLO 95131",
        "slug": "lamp-eglo-95131",
        "small_description": "Dimensions:\r\n12 cm\r\n3.5 cm\r\nCartridge type:\r\nE14\r\nLamp power, W:\r\n4.00",
        "price": "10.00",
        "is_visible": true,
        "picture": "product/2022-08-31/95131b0_big.jpg",
        "category": 1
    }
},
{
    "model": "base.product",
    "pk": 14,
    "fields": {
        "name": "Lamp KANLUX 47918",
        "slug": "lamp-kanlux-47918",
        "small_description": "Dimensions:\r\n5.5 cm\r\n5 cm\r\nCartridge type:\r\nGU10\r\nLamp power, W:\r\n5.00",
        "price": "4.00",
        "is_visible": true,
        "picture": "product/2022-08-31/47918b0_big.jpg",
        "category": 1
    }
},
{
    "model": "base.product",
    "pk": 15,
    "fields": {
        "name": "Lamp EGLO 96437",
        "slug": "lamp-eglo-96437",
        "small_description": "Dimensions:\r\n29 cm\r\n \r\n20 cm\r\nCartridge type:\r\nE27\r\nLamp power, W:\r\n8.00",
        "price": "25.00",
        "is_visible": true,
        "picture": "product/2022-08-31/96437b0_big.jpg",
        "category": 1
    }
},
{
    "model": "base.product",
    "pk": 16,
    "fields": {
        "name": "Table lamp EGLO 35930",
        "slug": "table-lamp-eglo-35930",
        "small_description": "Fastening type:\r\non the surface\r\nLight:\r\n1 x E14 (max.60.00W), purchased separately\r\nDimensions:\r\n35 cm\r\n \r\n26 cm",
        "price": "70.00",
        "is_visible": true,
        "picture": "product/2022-08-31/35930b0_big.jpg",
        "category": 2
    }
},
{
    "model": "base.product",
    "pk": 17,
    "fields": {
        "name": "Table lamp KANLUX 84450",
        "slug": "table-lamp-kanlux-84450",
        "small_description": "Fastening type:\r\nto the surface\r\nSource of light:\r\n1 x E14 (max.40.00W), purchased separately\r\nDimensions:\r\n53 cm\r\n \r\n15.7 cm",
        "price": "50.00",
        "is_visible": true,
        "picture": "product/2022-08-31/84450b0_big.jpg",
        "category": 2
    }
},
{
    "model": "base.product",
    "pk": 18,
    "fields": {
        "name": "Table lamp FREYA 40629",
        "slug": "table-lamp-freya-40629",
        "small_description": "Source of light:\r\n1 x E27 (max.25.00W), purchased separately\r\nDimensions:\r\n41.4 cm\r\n \r\n13 cm\r\n \r\n26.3 cm",
        "price": "87.00",
        "is_visible": true,
        "picture": "product/2022-08-31/40629b0_big.jpg",
        "category": 2
    }
},
{
    "model": "base.product",
    "pk": 20,
    "fields": {
        "name": "Chandelier MAYTONI 38351",
        "slug": "chandelier-maytoni-38351",
        "small_description": "Chandelier MAYTONI 38351Mount type:\r\nmounting plate\r\nLight source:\r\n11 x E14 (max.40.00W), sold separately\r\nDimensions:\r\n39.5 cm\r\n \r\n52 cm",
        "price": "640.00",
        "is_visible": true,
        "picture": "product/2022-09-03/38351b0_big.jpg",
        "category": 3
    }
},
{
    "model": "base.product",
    "pk": 21,
    "fields": {
        "name": "Street lamp EGLO 92720",
        "slug": "street-lamp-eglo-92720",
        "small_description": "Mount type:\r\nmounting plate\r\nLight source:\r\n1 x E27 (max.60.00W), sold separately\r\nDimensions:\r\n25.5 cm\r\n \r\n26.5 cm\r\n \r\n28 cm",
        "price": "135.20",
        "is_visible": true,
        "picture": "product/2022-09-03/92720b0_big.jpg",
        "category": 1
    }
},
{
    "model": "base.userform",
    "pk": 19,
    "fields": {
        "name": "asd",
        "phone": "1234567890",
        "date": "2022-09-01",
        "time": "16:13:00",
        "text": "asdasdasd",
        "is_processed": false
    }
},
{
    "model": "base.userform",
    "pk": 20,
    "fields": {
        "name": "asdasd",
        "phone": "1234567890",
        "date": "2022-09-08",
        "time": "16:15:00",
        "text": "Asdasdasdasdasd",
        "is_processed": false
    }
},
{
    "model": "base.userform",
    "pk": 21,
    "fields": {
        "name": "asdasdasd",
        "phone": "1234567890",
        "date": "2022-09-17",
        "time": "17:17:00",
        "text": "sadasdasdasdasdasdasdasd",
        "is_processed": true
    }
},
{
    "model": "base.userform",
    "pk": 22,
    "fields": {
        "name": "asdasdasd",
        "phone": "1234567890",
        "date": "2022-09-06",
        "time": "16:19:00",
        "text": "asdasdsadsadsadasdasdsazxczxczxczxczcxzc",
        "is_processed": true
    }
},
{
    "model": "base.userform",
    "pk": 23,
    "fields": {
        "name": "asas",
        "phone": "1234567890",
        "date": "2022-09-26",
        "time": "17:21:00",
        "text": "asdasdaszxcxzcrefx rev v fv xvcv xcv xcvx cv",
        "is_processed": true
    }
},
{
    "model": "base.mailing",
    "pk": 1,
    "fields": {
        "email": "asd@gmail.com",
        "mailing_start_date": "2022-08-31T09:21:32.260Z"
    }
},
{
    "model": "base.mailing",
    "pk": 2,
    "fields": {
        "email": "asdasd@gmail.com",
        "mailing_start_date": "2022-08-31T09:33:50.174Z"
    }
},
{
    "model": "base.mailing",
    "pk": 3,
    "fields": {
        "email": "asd@gmail.com",
        "mailing_start_date": "2022-08-31T09:35:27.541Z"
    }
},
{
    "model": "base.mailing",
    "pk": 6,
    "fields": {
        "email": "asd@gmail.com",
        "mailing_start_date": "2022-09-03T11:33:56.338Z"
    }
},
{
    "model": "cart.userorderform",
    "pk": 68,
    "fields": {
        "order": "We have a new order : Chandelier MAYTONI 27260 - 1 \n,total price is 225.50!",
        "email": "asdasd@gmail.com",
        "name": "asd",
        "phone": "1231231234",
        "is_processed": false
    }
}
]
