[
{
    "model": "auth.group",
    "fields": {
        "name": "manager",
        "permissions": []
    }
},
{
    "model": "auth.user",
    "fields": {
        "password": "pbkdf2_sha256$390000$1zIZXELlCnOK2iBgi6AcMd$CVjmlzEvaibj+GulJJkqWFKEs49vZqIhsE9RYnO+ujc=",
        "last_login": "2022-11-02T13:09:45.323Z",
        "is_superuser": true,
        "username": "admin",
        "first_name": "",
        "last_name": "",
        "email": "asdasd@gmail.com",
        "is_staff": true,
        "is_active": true,
        "date_joined": "2022-08-27T09:42:15.623Z",
        "groups": [],
        "user_permissions": []
    }
},
{
    "model": "auth.user",
    "fields": {
        "password": "pbkdf2_sha256$390000$k05noBdaHc2NhxSoO7LgRk$/xGax0jymCSq7BWOfIUdKA0mefJ4Lcy8ztRWAIvJbYo=",
        "last_login": "2022-09-04T16:47:15.545Z",
        "is_superuser": false,
        "username": "manager1",
        "first_name": "",
        "last_name": "",
        "email": "asdsad@gmail.com",
        "is_staff": false,
        "is_active": true,
        "date_joined": "2022-08-30T11:21:15Z",
        "groups": [
            [
                "manager"
            ]
        ],
        "user_permissions": []
    }
},
{
    "model": "auth.user",
    "fields": {
        "password": "pbkdf2_sha256$390000$ZwuXufBscxP2ptXo5HgrR5$kS9YHT9IqXK+A5MuyBI9hHSeZOuLFjLZDnAvyR2uWWk=",
        "last_login": "2022-11-02T18:06:44.601Z",
        "is_superuser": false,
        "username": "user1",
        "first_name": "",
        "last_name": "",
        "email": "bogdan.maksimenko.2002@gmail.com",
        "is_staff": false,
        "is_active": true,
        "date_joined": "2022-11-01T20:39:35.871Z",
        "groups": [],
        "user_permissions": []
    }
},
{
    "model": "auth.user",
    "fields": {
        "password": "pbkdf2_sha256$390000$W4NFHt2xFnB4PjOng0Qx9I$nFdthKw9zKkOORkBaWJW4FVFzHxhoIB4WWjRY4IeDaE=",
        "last_login": "2022-11-02T12:20:08.855Z",
        "is_superuser": false,
        "username": "user2",
        "first_name": "",
        "last_name": "",
        "email": "nagubator.org@gmail.com",
        "is_staff": false,
        "is_active": true,
        "date_joined": "2022-11-02T12:20:08.661Z",
        "groups": [],
        "user_permissions": []
    }
},
{
    "model": "sessions.session",
    "pk": "12u98hpo7yfvial2elag0jk6v0yaqqm1",
    "fields": {
        "session_data": ".eJxVjDsOgzAQBe_iOrKMbGyWMn3OgPZHTBKBBKZC3D0gUSTtm3mzmQ7Xkrt10bkbxLSmMrffjZDfOp5AXjg-J8vTWOaB7KnYiy72MYl-7pf7F8i45OPNlAgdVEkCU9Cmib0HTRAc-xAwOgWIxDEw1uBiRMGexNeek9QgekQZ52Labd-_NBc7wQ:1oVEDU:iPgAfF31kcGMkRI_C2-yJH5U3q256AYIVgudvSsQsd0",
        "expire_date": "2022-09-19T15:40:52.576Z"
    }
},
{
    "model": "sessions.session",
    "pk": "clmrh1606cjvj2zf01ot1ffr45balcy6",
    "fields": {
        "session_data": ".eJxVjMEOgyAQRP9lzw1BkFY89t5vILvLUmwbTRBPxn-vJl68Tea9mRUYS4V-3W4QcKk5LLOUMETooXFwKQn5K-NB4gfH96R4GmsZSB2KOumsXlOU3_N0LwcZ57yvU8cW0SC1Ea2mh1j2SBi9syaxb9n7xNJpw446acwekljRd22SOEOw_QGLtzyO:1oV6dP:J_Sr81mS_klQUZGqC2TIlhtiaBXIWzWGmfzBjy3UENQ",
        "expire_date": "2022-09-19T07:35:07.566Z"
    }
},
{
    "model": "sessions.session",
    "pk": "guar64n1n5hg1pcyvm2alcsv569uataw",
    "fields": {
        "session_data": "e30:1oTgrj:77rDttRaR9CkPux0Od-F_1Zay4R5ibbaqy-aZS5DYGE",
        "expire_date": "2022-09-15T09:52:03.080Z"
    }
},
{
    "model": "sessions.session",
    "pk": "rf8ocyea8ph6bi6p0y6e3p2ncn2f3gzg",
    "fields": {
        "session_data": ".eJxVjDsOwjAQRO_iGll2_IlNSc8ZrF3vggPIluKkQtydREoBxTTz3sxbJFiXktbOc5pInMUoTr8dQn5y3QE9oN6bzK0u84RyV-RBu7w24tflcP8OCvSyrW0crHVbglYmIrHywJY8e80YLDDqgWJE727GQB4dE6mQXTbkg3EoPl_PmTfb:1oSzVD:oU2qhP-MRZmU5oy3AGAhluLELs1NkHDwdspiY5WS2XQ",
        "expire_date": "2022-09-13T11:33:55.568Z"
    }
},
{
    "model": "sessions.session",
    "pk": "s9nmci1d00dutfsn91brca4b6cj8dxdd",
    "fields": {
        "session_data": "eyJjYXJ0Ijp7fX0:1oUayf:AUfVa2mjodE52N0h43dqGLazs_RqNYSYeUUSl4LMc-Q",
        "expire_date": "2022-09-17T21:46:57.939Z"
    }
},
{
    "model": "sessions.session",
    "pk": "ua0ub0vbia0uno44w264nivi01nkmgui",
    "fields": {
        "session_data": "eyJjYXJ0Ijp7fX0:1oToTk:R88pXA7UIFeuXUR5N7q4zxQwowOLeRIeh_OGOU0JMWg",
        "expire_date": "2022-09-15T17:59:48.416Z"
    }
},
{
    "model": "sessions.session",
    "pk": "uixi2w9wvmcyjzr50rjz0v6ri2usd3h2",
    "fields": {
        "session_data": "e30:1oToUE:79z0bRhc5AV432E2VMQxoDVvApW_iaI0bu6eGVvdsIo",
        "expire_date": "2022-09-15T18:00:18.701Z"
    }
},
{
    "model": "sessions.session",
    "pk": "yubivijpteapecmm2s0wqyoj13x07sqw",
    "fields": {
        "session_data": ".eJxVjDsOwjAQBe_iGlmO7KyzlPScIdpfSADZUj4V4u4QKQW0b2bey_W0rWO_LTb3k7qza9zpd2OSh5Ud6J3KrXqpZZ0n9rviD7r4a1V7Xg7372CkZfzWwpkpYJM1CSfrOhgiWsYUJKZEEAwRWCAJtRgASGlgjW2UrC2qufcH8Kw4dQ:1oTJhc:LoSX5bd75tcYar8vq6N9VNcWQgOS8cwU_U0UkZv_Swo",
        "expire_date": "2022-09-14T09:08:04.779Z"
    }
},
{
    "model": "sessions.session",
    "pk": "zjrzsxpj1xke2cx7x4591p1vto1sozhn",
    "fields": {
        "session_data": ".eJxVjEEOgyAQRe8y64YwCAIuu_cMZoCh2DaaoK6Md29N3Lj9772_Q6S6QrcfDxhoW8uwLVyHMUEHaOE2Boofnk6S3jS9ZhHnaa1jEKciLrqIfk78fV7u7aDQUv41kfbGxIy24UCoggte50a2LXqLziOT5MQm6xytk6SUYt2ik0EZpWOC4wdTODsa:1oqhOy:XDhrQ9OtefVGDsrEed5C2ydsn_a8r0HAppvjiXbpV-w",
        "expire_date": "2022-11-17T21:05:28.717Z"
    }
},
{
    "model": "base.saleitem",
    "pk": 1,
    "fields": {
        "name": "Chandelier nga FREYA 12268",
        "slug": "chandelier-nga-freya-12268",
        "small_description": "Fastening type:\r\nstele hook\r\nDzherelo light:\r\n5 x E14 (max.60.00W), bathed in okremo\r\nDimensions:\r\n97.4 c",
        "past_price": "22.00",
        "new_price": "14.00",
        "is_visible": true,
        "position": 0,
        "picture": "sale/2022-08-27/12268b0_big_bcLptJm.jpg"
    }
},
{
    "model": "base.saleitem",
    "pk": 2,
    "fields": {
        "name": "Chandelier MAYTONI 27260",
        "slug": "Chandelier-MAYTONI-27260",
        "small_description": "Fastening type:\r\nmounting plate\r\nDzherelo light:\r\n6 x E14 (max.40.00W), bathed in okremo\r\nDimensions:\r\n81.5 cm\r\n \r\n100 cm",
        "past_price": "350.00",
        "new_price": "225.50",
        "is_visible": true,
        "position": 1,
        "picture": "sale/2022-09-01/27260b0_big_hwuMrD5.jpg"
    }
},
{
    "model": "base.saleitem",
    "pk": 3,
    "fields": {
        "name": "Chandelier MAYTONI 31809",
        "slug": "Chandelier-MAYTONI-31809",
        "small_description": "Fastening type:\r\nmounting plate\r\nDzherelo light:\r\n2 x E14 (max.40.00W), bathed in okremo\r\nDimensions:\r\n76 cm\r\n \r\n95 cm\r\n \r\n15 cm",
        "past_price": "22.00",
        "new_price": "12.00",
        "is_visible": true,
        "position": 2,
        "picture": "sale/2022-08-27/31809b0_big_cuskCyl.jpg"
    }
},
{
    "model": "base.saleitem",
    "pk": 4,
    "fields": {
        "name": "Bath lamp NOWODVORSKI 37544",
        "slug": "Bath-lamp-NOWODVORSKI-37544",
        "small_description": "Fastening type:\r\nmounting plate\r\nDzherelo light:\r\n1 x G9 (max.25.00W), \r\nDimensions:\r\n17.7",
        "past_price": "11.00",
        "new_price": "4.00",
        "is_visible": true,
        "position": 3,
        "picture": "sale/2022-09-01/37544b0_big_VSPk2z1.jpg"
    }
},
{
    "model": "base.saleitem",
    "pk": 5,
    "fields": {
        "name": "Street lamp NOWODVORSKI 84933",
        "slug": "Street-amp-NOWODVORSKI-84933",
        "small_description": "Fastening type:\r\nmounting plate\r\nDzherelo light:\r\n1 x E27 (max.60.00W), bathed in okremo\r\nDimensions:\r\n38 cm\r\n \r\n25 cm",
        "past_price": "31.00",
        "new_price": "14.00",
        "is_visible": true,
        "position": 4,
        "picture": "sale/2022-08-27/84933b0_big_8MhS3Yz.jpg"
    }
},
{
    "model": "base.saleitem",
    "pk": 6,
    "fields": {
        "name": "Street lamp NOWODVORSKI 58255",
        "slug": "street-lamp-nowodvorski-58255",
        "small_description": "Fastening type:\r\nmounting plate\r\nDzherelo light:\r\n1 x E27 (max.60.00W), bathed in okremo\r\nDimensions:\r\n46 cm\r\n \r\n18 cm\r\n \r\n28 cm",
        "past_price": "110.00",
        "new_price": "100.00",
        "is_visible": true,
        "position": 5,
        "picture": "sale/2022-08-27/58255b0_big_t3SxQnC.jpg"
    }
},
{
    "model": "base.saleitem",
    "pk": 7,
    "fields": {
        "name": "Chandelier WUNDERLICHT 40383",
        "slug": "chandelier-wunderlicht-40383",
        "small_description": "Fastening type:\r\nmounting plate\r\nDzherelo light:\r\n6 x E14 (max.40.00W), bathed in okremo\r\nDimensions:\r\n30 cm\r\n \r\n91 cm",
        "past_price": "110.00",
        "new_price": "90.00",
        "is_visible": true,
        "position": 6,
        "picture": "sale/2022-08-27/40383b0_big.jpg"
    }
},
{
    "model": "base.saleitem",
    "pk": 8,
    "fields": {
        "name": "Chandelier WUNDERLICHT 40412",
        "slug": "chandelier-wunderlicht-40412",
        "small_description": "Fastening type:\r\nmounting plate\r\nDzherelo light:\r\n6 x E14 (max.40.00W), bathed in okremo\r\nDimensions:\r\n38 cm\r\n \r\n63 cm",
        "past_price": "70.00",
        "new_price": "66.20",
        "is_visible": true,
        "position": 7,
        "picture": "sale/2022-08-27/40412b0_big.jpg"
    }
},
{
    "model": "base.saleitem",
    "pk": 10,
    "fields": {
        "name": "Spotlight ARTGLASS 38761",
        "slug": "spotlight-artglass-38761",
        "small_description": "Mount type:\r\nfixing spring\r\nLight source:\r\n1 x GU5.3 (max.5.00W), sold separately\r\nDimensions:\r\n9 cm\r\n \r\n12 cm",
        "past_price": "123.00",
        "new_price": "58.00",
        "is_visible": true,
        "position": 8,
        "picture": "sale/2022-11-01/Снимок_экрана_2022-04-21_165538.png"
    }
},
{
    "model": "base.saleitem",
    "pk": 14,
    "fields": {
        "name": "Spotlight ARTGLASS 28831",
        "slug": "spotlight-artglass-28831",
        "small_description": "Mount type:\r\nmounting plate\r\nLight source:\r\n1 x E14 (max.40.00W), sold separately\r\nDimensions:\r\n14.5 cm\r\n \r\n11.5 cm",
        "past_price": "450.00",
        "new_price": "299.00",
        "is_visible": true,
        "position": 9,
        "picture": "sale/2022-11-01/Screenshot-2018-12-16-at-21.06.29.png"
    }
},
{
    "model": "base.saleitem",
    "pk": 15,
    "fields": {
        "name": "Spotlight ARTGLASS 38760",
        "slug": "spotlight-artglass-38760",
        "small_description": "Mount type:\r\nfixing spring\r\nLight source:\r\n1 x GU5.3 (max.5.00W), sold separately\r\nDimensions:\r\n11 cm\r\n \r\n12 cm",
        "past_price": "399.00",
        "new_price": "240.00",
        "is_visible": true,
        "position": 10,
        "picture": "sale/2022-11-01/Screenshot-2018-12-16-at-21.06.29_LeMUQhB.png"
    }
},
{
    "model": "base.saleitem",
    "pk": 16,
    "fields": {
        "name": "Spotlight ARTGLASS 39453",
        "slug": "spotlight-artglass-39453",
        "small_description": "Mount type:\r\nfixing spring\r\nLight source:\r\n1 x GU5.3 (max.5.00W), sold separately\r\nDimensions:\r\n28 cm\r\n \r\n12 cm",
        "past_price": "700.00",
        "new_price": "565.00",
        "is_visible": true,
        "position": 11,
        "picture": "sale/2022-11-01/Screenshot-2018-12-16-at-21.06.29_NEOZyij.png"
    }
},
{
    "model": "base.category",
    "pk": 1,
    "fields": {
        "name": "Lamp",
        "position": 1,
        "is_visible": true
    }
},
{
    "model": "base.category",
    "pk": 2,
    "fields": {
        "name": "Desk Lamp",
        "position": 2,
        "is_visible": true
    }
},
{
    "model": "base.category",
    "pk": 3,
    "fields": {
        "name": "Сhandeliers",
        "position": 3,
        "is_visible": true
    }
},
{
    "model": "base.category",
    "pk": 4,
    "fields": {
        "name": "ECO",
        "position": 4,
        "is_visible": false
    }
},
{
    "model": "base.category",
    "pk": 5,
    "fields": {
        "name": "Floor lamp",
        "position": 5,
        "is_visible": true
    }
},
{
    "model": "base.product",
    "pk": 1,
    "fields": {
        "name": "Chandelier nga MAYTONI 17737",
        "slug": "chandelier-nga-maytoni-17737",
        "small_description": "Fastening type:\r\nmounting bar\r\nLight:\r\n1 x GU10 (max.50.00W), purchased separately\r\nDimensions:\r\n158 cm\r\n  10 s",
        "price": "25.50",
        "is_visible": true,
        "picture": "product/2022-08-27/17737b0_big.jpg",
        "category": 3
    }
},
{
    "model": "base.product",
    "pk": 3,
    "fields": {
        "name": "Table lamp EGLO 35982",
        "slug": "Table-amp-EGLO-35982",
        "small_description": "Fastening type:\r\non a clamp\r\nLight:\r\n1 x E27 (max.40.00W), purchased separately\r\nDimensions:\r\n22 cm- 73 cm",
        "price": "15.00",
        "is_visible": true,
        "picture": "product/2022-08-31/35982b0_big.jpg",
        "category": 2
    }
},
{
    "model": "base.product",
    "pk": 5,
    "fields": {
        "name": "Kandelero nga WUNDERLICHT 25312",
        "slug": "kandelero-nga-wunderlicht-25312",
        "small_description": "Fastening type:mounting bar\r\nLight:6 x E14 (max.40.00W), purchased separately\r\nDimensions:\r\n17 cm-77 cm",
        "price": "40.00",
        "is_visible": true,
        "picture": "product/2022-08-27/25312b0_big.jpg",
        "category": 3
    }
},
{
    "model": "base.product",
    "pk": 6,
    "fields": {
        "name": "Lamp EGLO 93380",
        "slug": "lamp-eglo-93380",
        "small_description": "Dimensions:\r\n11.8 cm\r\n9.5 cm\r\nCartridge type:\r\nE27\r\nLamp power, W:\r\n6.00",
        "price": "10.00",
        "is_visible": true,
        "picture": "product/2022-08-27/93380b0_big_Okogblx.jpg",
        "category": 1
    }
},
{
    "model": "base.product",
    "pk": 7,
    "fields": {
        "name": "Chandelier BLITZ 16036",
        "slug": "chandelier-blitz-16036",
        "small_description": "Fastening type: mounting bar\r\nLight source: 5 x E14 (max. 40.00 W),\r\nare purchased separately\r\nDimensions: 28 cm-55 cm",
        "price": "200.00",
        "is_visible": true,
        "picture": "product/2022-08-31/16036b0_big_RwVHGkB.jpg",
        "category": 3
    }
},
{
    "model": "base.product",
    "pk": 8,
    "fields": {
        "name": "Floor lamp NOWODVORSKI 84941",
        "slug": "floor-lamp-nowodvorski-84941",
        "small_description": "Fastening type:\r\non the surface\r\nLight:\r\n1 x E27 (max.100.00W), purchased separately\r\nDimensions:\r\n205 cm\r\n \r\n30 cm\r\n \r\n186 cm",
        "price": "100.00",
        "is_visible": true,
        "picture": "product/2022-08-31/84941b0_big.jpg",
        "category": 5
    }
},
{
    "model": "base.product",
    "pk": 9,
    "fields": {
        "name": "Floor lamp MAYTONI 27177",
        "slug": "floor-lamp-maytoni-27177",
        "small_description": "Light:\r\n1 x E27 (max.60.00W), purchased separately\r\nDimensions:\r\n235 cm\r\n \r\n55 cm\r\n \r\n173 cm",
        "price": "149.00",
        "is_visible": true,
        "picture": "product/2022-08-31/27177b0_big.jpg",
        "category": 5
    }
},
{
    "model": "base.product",
    "pk": 10,
    "fields": {
        "name": "Floor lamp ZUMALINE 78322",
        "slug": "floor-lamp-zumaline-78322",
        "small_description": "Fastening type:\r\non the surface\r\nLight:\r\n5 x E14 (max.40.00W), purchased separately\r\nDimensions:\r\n208 cm\r\n \r\n115 cm",
        "price": "350.00",
        "is_visible": true,
        "picture": "product/2022-08-31/78322b0_big.jpg",
        "category": 5
    }
},
{
    "model": "base.product",
    "pk": 11,
    "fields": {
        "name": "Floor lamp EGLO 37772",
        "slug": "floor-lamp-eglo-37772",
        "small_description": "Fastening type:\r\non the surface\r\nLight:\r\n1 x E27 (max.60.00W), purchased separately\r\nDimensions:\r\n176",
        "price": "168.00",
        "is_visible": true,
        "picture": "product/2022-08-31/37772b0_big.jpg",
        "category": 5
    }
},
{
    "model": "base.product",
    "pk": 12,
    "fields": {
        "name": "Chandelier EGLO 26011",
        "slug": "chandelier-eglo-26011",
        "small_description": "Mount type:\r\nmounting plate\r\nLight source:\r\n3 x E27 (max.60.00W), sold separately\r\nDimensions:\r\n36 cm",
        "price": "250.00",
        "is_visible": true,
        "picture": "product/2022-08-31/26011b0_big.jpg",
        "category": 3
    }
},
{
    "model": "base.product",
    "pk": 13,
    "fields": {
        "name": "Lamp EGLO 95131",
        "slug": "lamp-eglo-95131",
        "small_description": "Dimensions:\r\n12 cm\r\n3.5 cm\r\nCartridge type:\r\nE14\r\nLamp power, W:\r\n4.00",
        "price": "10.00",
        "is_visible": true,
        "picture": "product/2022-08-31/95131b0_big.jpg",
        "category": 1
    }
},
{
    "model": "base.product",
    "pk": 14,
    "fields": {
        "name": "Lamp KANLUX 47918",
        "slug": "lamp-kanlux-47918",
        "small_description": "Dimensions:\r\n5.5 cm\r\n5 cm\r\nCartridge type:\r\nGU10\r\nLamp power, W:\r\n5.00",
        "price": "4.00",
        "is_visible": true,
        "picture": "product/2022-08-31/47918b0_big.jpg",
        "category": 1
    }
},
{
    "model": "base.product",
    "pk": 15,
    "fields": {
        "name": "Lamp EGLO 96437",
        "slug": "lamp-eglo-96437",
        "small_description": "Dimensions:\r\n29 cm\r\n \r\n20 cm\r\nCartridge type:\r\nE27\r\nLamp power, W:\r\n8.00",
        "price": "25.00",
        "is_visible": true,
        "picture": "product/2022-08-31/96437b0_big.jpg",
        "category": 1
    }
},
{
    "model": "base.product",
    "pk": 16,
    "fields": {
        "name": "Table lamp EGLO 35930",
        "slug": "table-lamp-eglo-35930",
        "small_description": "Fastening type:\r\non the surface\r\nLight:\r\n1 x E14 (max.60.00W), purchased separately\r\nDimensions:\r\n35 cm\r\n \r\n26 cm",
        "price": "70.00",
        "is_visible": true,
        "picture": "product/2022-08-31/35930b0_big.jpg",
        "category": 2
    }
},
{
    "model": "base.product",
    "pk": 17,
    "fields": {
        "name": "Table lamp KANLUX 84450",
        "slug": "table-lamp-kanlux-84450",
        "small_description": "Fastening type:\r\nto the surface\r\nSource of light:\r\n1 x E14 (max.40.00W), purchased separately\r\nDimensions:\r\n53 cm\r\n \r\n15.7 cm",
        "price": "50.00",
        "is_visible": true,
        "picture": "product/2022-08-31/84450b0_big.jpg",
        "category": 2
    }
},
{
    "model": "base.product",
    "pk": 18,
    "fields": {
        "name": "Table lamp FREYA 40629",
        "slug": "table-lamp-freya-40629",
        "small_description": "Source of light:\r\n1 x E27 (max.25.00W), purchased separately\r\nDimensions:\r\n41.4 cm\r\n \r\n13 cm\r\n \r\n26.3 cm",
        "price": "87.00",
        "is_visible": true,
        "picture": "product/2022-08-31/40629b0_big.jpg",
        "category": 2
    }
},
{
    "model": "base.product",
    "pk": 20,
    "fields": {
        "name": "Chandelier MAYTONI 38351",
        "slug": "chandelier-maytoni-38351",
        "small_description": "Chandelier MAYTONI 38351Mount type:\r\nmounting plate\r\nLight source:\r\n11 x E14 (max.40.00W), sold separately\r\nDimensions:\r\n39.5 cm\r\n \r\n52 cm",
        "price": "640.00",
        "is_visible": true,
        "picture": "product/2022-09-03/38351b0_big.jpg",
        "category": 3
    }
},
{
    "model": "base.product",
    "pk": 21,
    "fields": {
        "name": "Street lamp EGLO 92720",
        "slug": "street-lamp-eglo-92720",
        "small_description": "Mount type:\r\nmounting plate\r\nLight source:\r\n1 x E27 (max.60.00W), sold separately\r\nDimensions:\r\n25.5 cm\r\n \r\n26.5 cm\r\n \r\n28 cm",
        "price": "135.20",
        "is_visible": true,
        "picture": "product/2022-09-03/92720b0_big.jpg",
        "category": 1
    }
},
{
    "model": "base.userform",
    "pk": 19,
    "fields": {
        "name": "asd",
        "phone": "1234567890",
        "date": "2022-09-01",
        "time": "16:13:00",
        "text": "asdasdasd",
        "is_processed": false
    }
},
{
    "model": "base.userform",
    "pk": 20,
    "fields": {
        "name": "asdasd",
        "phone": "1234567890",
        "date": "2022-09-08",
        "time": "16:15:00",
        "text": "Asdasdasdasdasd",
        "is_processed": false
    }
},
{
    "model": "base.userform",
    "pk": 21,
    "fields": {
        "name": "asdasdasd",
        "phone": "1234567890",
        "date": "2022-09-17",
        "time": "17:17:00",
        "text": "sadasdasdasdasdasdasdasd",
        "is_processed": true
    }
},
{
    "model": "base.userform",
    "pk": 22,
    "fields": {
        "name": "asdasdasd",
        "phone": "1234567890",
        "date": "2022-09-06",
        "time": "16:19:00",
        "text": "asdasdsadsadsadasdasdsazxczxczxczxczcxzc",
        "is_processed": true
    }
},
{
    "model": "base.userform",
    "pk": 23,
    "fields": {
        "name": "asas",
        "phone": "1234567890",
        "date": "2022-09-26",
        "time": "17:21:00",
        "text": "asdasdaszxcxzcrefx rev v fv xvcv xcv xcvx cv",
        "is_processed": true
    }
},
{
    "model": "base.mailing",
    "pk": 1,
    "fields": {
        "email": "asd@gmail.com",
        "mailing_start_date": "2022-08-31T09:21:32.260Z"
    }
},
{
    "model": "base.mailing",
    "pk": 2,
    "fields": {
        "email": "asdasd@gmail.com",
        "mailing_start_date": "2022-08-31T09:33:50.174Z"
    }
},
{
    "model": "base.mailing",
    "pk": 3,
    "fields": {
        "email": "asd@gmail.com",
        "mailing_start_date": "2022-08-31T09:35:27.541Z"
    }
},
{
    "model": "base.mailing",
    "pk": 6,
    "fields": {
        "email": "asd@gmail.com",
        "mailing_start_date": "2022-09-03T11:33:56.338Z"
    }
},
{
    "model": "base.mailing",
    "pk": 10,
    "fields": {
        "email": "somemail.123@gmail.com",
        "mailing_start_date": "2022-10-31T21:53:07.274Z"
    }
},
{
    "model": "base.mailing",
    "pk": 11,
    "fields": {
        "email": "bogdan.maksimenko.2002@gmail.com",
        "mailing_start_date": "2022-11-02T18:21:47.882Z"
    }
},
{
    "model": "cart.userorderform",
    "pk": 125,
    "fields": {
        "order": "We have a new order:Bohdan-1231231234\n His order,total price is 12.00!",
        "name": "Bohdan",
        "phone": "1231231234",
        "is_processed": false
    }
},
{
    "model": "cart.userorderform",
    "pk": 126,
    "fields": {
        "order": "We have a new order:Богдан-1231231234\n His order,total price is 274.00!",
        "name": "Богдан",
        "phone": "1231231234",
        "is_processed": false
    }
},
{
    "model": "admin.logentry",
    "pk": 1,
    "fields": {
        "action_time": "2022-08-27T11:29:08.099Z",
        "user": [
            "admin"
        ],
        "content_type": [
            "base",
            "category"
        ],
        "object_id": "1",
        "object_repr": "Lamp",
        "action_flag": 1,
        "change_message": "[{\"added\": {}}]"
    }
},
{
    "model": "admin.logentry",
    "pk": 2,
    "fields": {
        "action_time": "2022-08-27T11:29:14.440Z",
        "user": [
            "admin"
        ],
        "content_type": [
            "base",
            "category"
        ],
        "object_id": "2",
        "object_repr": "Desk",
        "action_flag": 1,
        "change_message": "[{\"added\": {}}]"
    }
},
{
    "model": "admin.logentry",
    "pk": 3,
    "fields": {
        "action_time": "2022-08-27T11:29:49.172Z",
        "user": [
            "admin"
        ],
        "content_type": [
            "base",
            "category"
        ],
        "object_id": "3",
        "object_repr": "Сhandeliers",
        "action_flag": 1,
        "change_message": "[{\"added\": {}}]"
    }
},
{
    "model": "admin.logentry",
    "pk": 4,
    "fields": {
        "action_time": "2022-08-27T11:30:51.667Z",
        "user": [
            "admin"
        ],
        "content_type": [
            "base",
            "category"
        ],
        "object_id": "4",
        "object_repr": "ECO",
        "action_flag": 1,
        "change_message": "[{\"added\": {}}]"
    }
},
{
    "model": "admin.logentry",
    "pk": 5,
    "fields": {
        "action_time": "2022-08-27T11:38:19.577Z",
        "user": [
            "admin"
        ],
        "content_type": [
            "base",
            "product"
        ],
        "object_id": "1",
        "object_repr": "Chandelier nga MAYTONI 17737",
        "action_flag": 1,
        "change_message": "[{\"added\": {}}]"
    }
},
{
    "model": "admin.logentry",
    "pk": 6,
    "fields": {
        "action_time": "2022-08-27T11:38:35.549Z",
        "user": [
            "admin"
        ],
        "content_type": [
            "base",
            "product"
        ],
        "object_id": "1",
        "object_repr": "Chandelier nga MAYTONI 17737",
        "action_flag": 2,
        "change_message": "[]"
    }
},
{
    "model": "admin.logentry",
    "pk": 7,
    "fields": {
        "action_time": "2022-08-27T11:39:22.347Z",
        "user": [
            "admin"
        ],
        "content_type": [
            "base",
            "product"
        ],
        "object_id": "1",
        "object_repr": "Chandelier nga MAYTONI 17737",
        "action_flag": 2,
        "change_message": "[]"
    }
},
{
    "model": "admin.logentry",
    "pk": 8,
    "fields": {
        "action_time": "2022-08-27T11:42:59.753Z",
        "user": [
            "admin"
        ],
        "content_type": [
            "base",
            "saleitem"
        ],
        "object_id": "1",
        "object_repr": "Chandelier nga FREYA 12268",
        "action_flag": 1,
        "change_message": "[{\"added\": {}}]"
    }
},
{
    "model": "admin.logentry",
    "pk": 9,
    "fields": {
        "action_time": "2022-08-27T12:40:43.296Z",
        "user": [
            "admin"
        ],
        "content_type": [
            "base",
            "saleitem"
        ],
        "object_id": "2",
        "object_repr": "Chandelier nga MAYTONI 31809",
        "action_flag": 1,
        "change_message": "[{\"added\": {}}]"
    }
},
{
    "model": "admin.logentry",
    "pk": 10,
    "fields": {
        "action_time": "2022-08-27T12:48:25.826Z",
        "user": [
            "admin"
        ],
        "content_type": [
            "base",
            "customslider"
        ],
        "object_id": "1",
        "object_repr": "CustomSlider object (1)",
        "action_flag": 1,
        "change_message": "[{\"added\": {}}]"
    }
},
{
    "model": "admin.logentry",
    "pk": 11,
    "fields": {
        "action_time": "2022-08-27T13:08:59.596Z",
        "user": [
            "admin"
        ],
        "content_type": [
            "base",
            "saleitem"
        ],
        "object_id": "1",
        "object_repr": "Chandelier nga FREYA 12268",
        "action_flag": 2,
        "change_message": "[{\"changed\": {\"fields\": [\"Picture\"]}}]"
    }
},
{
    "model": "admin.logentry",
    "pk": 12,
    "fields": {
        "action_time": "2022-08-27T13:09:06.076Z",
        "user": [
            "admin"
        ],
        "content_type": [
            "base",
            "saleitem"
        ],
        "object_id": "1",
        "object_repr": "Chandelier nga FREYA 12268",
        "action_flag": 2,
        "change_message": "[{\"changed\": {\"fields\": [\"Picture\"]}}]"
    }
},
{
    "model": "admin.logentry",
    "pk": 13,
    "fields": {
        "action_time": "2022-08-27T13:09:10.700Z",
        "user": [
            "admin"
        ],
        "content_type": [
            "base",
            "saleitem"
        ],
        "object_id": "2",
        "object_repr": "Chandelier nga MAYTONI 31809",
        "action_flag": 2,
        "change_message": "[{\"changed\": {\"fields\": [\"Picture\"]}}]"
    }
},
{
    "model": "admin.logentry",
    "pk": 14,
    "fields": {
        "action_time": "2022-08-27T13:10:25.332Z",
        "user": [
            "admin"
        ],
        "content_type": [
            "base",
            "saleitem"
        ],
        "object_id": "1",
        "object_repr": "Chandelier nga FREYA 12268",
        "action_flag": 2,
        "change_message": "[{\"changed\": {\"fields\": [\"Picture\"]}}]"
    }
},
{
    "model": "admin.logentry",
    "pk": 15,
    "fields": {
        "action_time": "2022-08-27T13:18:28.897Z",
        "user": [
            "admin"
        ],
        "content_type": [
            "base",
            "saleitem"
        ],
        "object_id": "3",
        "object_repr": "sadasd",
        "action_flag": 1,
        "change_message": "[{\"added\": {}}]"
    }
},
{
    "model": "admin.logentry",
    "pk": 16,
    "fields": {
        "action_time": "2022-08-27T13:18:53.478Z",
        "user": [
            "admin"
        ],
        "content_type": [
            "base",
            "saleitem"
        ],
        "object_id": "4",
        "object_repr": "xzczxczx",
        "action_flag": 1,
        "change_message": "[{\"added\": {}}]"
    }
},
{
    "model": "admin.logentry",
    "pk": 17,
    "fields": {
        "action_time": "2022-08-27T13:18:58.388Z",
        "user": [
            "admin"
        ],
        "content_type": [
            "base",
            "saleitem"
        ],
        "object_id": "2",
        "object_repr": "Chandelier nga MAYTONI 31809",
        "action_flag": 2,
        "change_message": "[{\"changed\": {\"fields\": [\"Picture\"]}}]"
    }
},
{
    "model": "admin.logentry",
    "pk": 18,
    "fields": {
        "action_time": "2022-08-27T13:22:48.719Z",
        "user": [
            "admin"
        ],
        "content_type": [
            "base",
            "saleitem"
        ],
        "object_id": "5",
        "object_repr": "zcxzcczx",
        "action_flag": 1,
        "change_message": "[{\"added\": {}}]"
    }
},
{
    "model": "admin.logentry",
    "pk": 19,
    "fields": {
        "action_time": "2022-08-27T13:23:29.629Z",
        "user": [
            "admin"
        ],
        "content_type": [
            "base",
            "saleitem"
        ],
        "object_id": "5",
        "object_repr": "zcxzcczx",
        "action_flag": 2,
        "change_message": "[{\"changed\": {\"fields\": [\"Is visible\"]}}]"
    }
},
{
    "model": "admin.logentry",
    "pk": 20,
    "fields": {
        "action_time": "2022-08-27T13:28:17.792Z",
        "user": [
            "admin"
        ],
        "content_type": [
            "base",
            "saleitem"
        ],
        "object_id": "5",
        "object_repr": "zcxzcczx",
        "action_flag": 2,
        "change_message": "[{\"changed\": {\"fields\": [\"Is visible\"]}}]"
    }
},
{
    "model": "admin.logentry",
    "pk": 21,
    "fields": {
        "action_time": "2022-08-27T13:34:24.516Z",
        "user": [
            "admin"
        ],
        "content_type": [
            "base",
            "product"
        ],
        "object_id": "2",
        "object_repr": "Lampara de mesa LAGUNA LIGHTING 25611",
        "action_flag": 1,
        "change_message": "[{\"added\": {}}]"
    }
},
{
    "model": "admin.logentry",
    "pk": 22,
    "fields": {
        "action_time": "2022-08-27T13:36:08.618Z",
        "user": [
            "admin"
        ],
        "content_type": [
            "base",
            "product"
        ],
        "object_id": "3",
        "object_repr": "Настольная лампа NORDLUX 19864",
        "action_flag": 1,
        "change_message": "[{\"added\": {}}]"
    }
},
{
    "model": "admin.logentry",
    "pk": 23,
    "fields": {
        "action_time": "2022-08-27T13:37:18.118Z",
        "user": [
            "admin"
        ],
        "content_type": [
            "base",
            "product"
        ],
        "object_id": "4",
        "object_repr": "Lampara ti lamisaan EGLO 95925",
        "action_flag": 1,
        "change_message": "[{\"added\": {}}]"
    }
},
{
    "model": "admin.logentry",
    "pk": 24,
    "fields": {
        "action_time": "2022-08-27T13:39:20.978Z",
        "user": [
            "admin"
        ],
        "content_type": [
            "base",
            "product"
        ],
        "object_id": "5",
        "object_repr": "Kandelero nga WUNDERLICHT 25312",
        "action_flag": 1,
        "change_message": "[{\"added\": {}}]"
    }
},
{
    "model": "admin.logentry",
    "pk": 25,
    "fields": {
        "action_time": "2022-08-27T19:23:43.861Z",
        "user": [
            "admin"
        ],
        "content_type": [
            "base",
            "saleitem"
        ],
        "object_id": "2",
        "object_repr": "Chandelier nga MAYTONI 31809",
        "action_flag": 2,
        "change_message": "[{\"changed\": {\"fields\": [\"Small description\"]}}]"
    }
},
{
    "model": "admin.logentry",
    "pk": 26,
    "fields": {
        "action_time": "2022-08-27T19:28:34.423Z",
        "user": [
            "admin"
        ],
        "content_type": [
            "base",
            "saleitem"
        ],
        "object_id": "1",
        "object_repr": "Chandelier nga FREYA 12268",
        "action_flag": 2,
        "change_message": "[{\"changed\": {\"fields\": [\"Small description\"]}}]"
    }
},
{
    "model": "admin.logentry",
    "pk": 27,
    "fields": {
        "action_time": "2022-08-27T19:31:56.853Z",
        "user": [
            "admin"
        ],
        "content_type": [
            "base",
            "saleitem"
        ],
        "object_id": "1",
        "object_repr": "Chandelier nga FREYA 12268",
        "action_flag": 2,
        "change_message": "[{\"changed\": {\"fields\": [\"Small description\"]}}]"
    }
},
{
    "model": "admin.logentry",
    "pk": 28,
    "fields": {
        "action_time": "2022-08-27T19:32:03.654Z",
        "user": [
            "admin"
        ],
        "content_type": [
            "base",
            "saleitem"
        ],
        "object_id": "2",
        "object_repr": "Chandelier nga MAYTONI 31809",
        "action_flag": 2,
        "change_message": "[{\"changed\": {\"fields\": [\"Small description\", \"Picture\"]}}]"
    }
},
{
    "model": "admin.logentry",
    "pk": 29,
    "fields": {
        "action_time": "2022-08-27T19:42:56.699Z",
        "user": [
            "admin"
        ],
        "content_type": [
            "base",
            "product"
        ],
        "object_id": "1",
        "object_repr": "Chandelier nga MAYTONI 17737",
        "action_flag": 2,
        "change_message": "[{\"changed\": {\"fields\": [\"Small description\"]}}]"
    }
},
{
    "model": "admin.logentry",
    "pk": 30,
    "fields": {
        "action_time": "2022-08-27T19:43:08.649Z",
        "user": [
            "admin"
        ],
        "content_type": [
            "base",
            "product"
        ],
        "object_id": "2",
        "object_repr": "Lampara de mesa LAGUNA LIGHTING 25611",
        "action_flag": 2,
        "change_message": "[{\"changed\": {\"fields\": [\"Small description\"]}}]"
    }
},
{
    "model": "admin.logentry",
    "pk": 31,
    "fields": {
        "action_time": "2022-08-27T20:01:52.042Z",
        "user": [
            "admin"
        ],
        "content_type": [
            "base",
            "saleitem"
        ],
        "object_id": "5",
        "object_repr": "Street lamp NOWODVORSKI 84933",
        "action_flag": 2,
        "change_message": "[{\"changed\": {\"fields\": [\"Name\", \"Slug\", \"Picture\"]}}]"
    }
},
{
    "model": "admin.logentry",
    "pk": 32,
    "fields": {
        "action_time": "2022-08-27T20:04:17.915Z",
        "user": [
            "admin"
        ],
        "content_type": [
            "base",
            "saleitem"
        ],
        "object_id": "6",
        "object_repr": "Street lamp NOWODVORSKI 58255",
        "action_flag": 1,
        "change_message": "[{\"added\": {}}]"
    }
},
{
    "model": "admin.logentry",
    "pk": 33,
    "fields": {
        "action_time": "2022-08-27T20:06:13.149Z",
        "user": [
            "admin"
        ],
        "content_type": [
            "base",
            "saleitem"
        ],
        "object_id": "5",
        "object_repr": "Street lamp NOWODVORSKI 84933",
        "action_flag": 2,
        "change_message": "[{\"changed\": {\"fields\": [\"Picture\"]}}]"
    }
},
{
    "model": "admin.logentry",
    "pk": 34,
    "fields": {
        "action_time": "2022-08-27T20:06:18.481Z",
        "user": [
            "admin"
        ],
        "content_type": [
            "base",
            "saleitem"
        ],
        "object_id": "5",
        "object_repr": "Street lamp NOWODVORSKI 84933",
        "action_flag": 2,
        "change_message": "[{\"changed\": {\"fields\": [\"Picture\"]}}]"
    }
},
{
    "model": "admin.logentry",
    "pk": 35,
    "fields": {
        "action_time": "2022-08-27T20:06:38.210Z",
        "user": [
            "admin"
        ],
        "content_type": [
            "base",
            "saleitem"
        ],
        "object_id": "5",
        "object_repr": "Street lamp NOWODVORSKI 84933",
        "action_flag": 2,
        "change_message": "[{\"changed\": {\"fields\": [\"Picture\"]}}]"
    }
},
{
    "model": "admin.logentry",
    "pk": 36,
    "fields": {
        "action_time": "2022-08-27T20:06:53.615Z",
        "user": [
            "admin"
        ],
        "content_type": [
            "base",
            "saleitem"
        ],
        "object_id": "5",
        "object_repr": "Street lamp NOWODVORSKI 84933",
        "action_flag": 2,
        "change_message": "[{\"changed\": {\"fields\": [\"Picture\"]}}]"
    }
},
{
    "model": "admin.logentry",
    "pk": 37,
    "fields": {
        "action_time": "2022-08-27T20:06:59.657Z",
        "user": [
            "admin"
        ],
        "content_type": [
            "base",
            "saleitem"
        ],
        "object_id": "6",
        "object_repr": "Street lamp NOWODVORSKI 58255",
        "action_flag": 2,
        "change_message": "[{\"changed\": {\"fields\": [\"Picture\"]}}]"
    }
},
{
    "model": "admin.logentry",
    "pk": 38,
    "fields": {
        "action_time": "2022-08-27T20:13:33.246Z",
        "user": [
            "admin"
        ],
        "content_type": [
            "base",
            "saleitem"
        ],
        "object_id": "7",
        "object_repr": "Chandelier WUNDERLICHT 40383",
        "action_flag": 1,
        "change_message": "[{\"added\": {}}]"
    }
},
{
    "model": "admin.logentry",
    "pk": 39,
    "fields": {
        "action_time": "2022-08-27T20:15:47.345Z",
        "user": [
            "admin"
        ],
        "content_type": [
            "base",
            "saleitem"
        ],
        "object_id": "8",
        "object_repr": "Chandelier WUNDERLICHT 40412",
        "action_flag": 1,
        "change_message": "[{\"added\": {}}]"
    }
},
{
    "model": "admin.logentry",
    "pk": 40,
    "fields": {
        "action_time": "2022-08-27T20:25:04.384Z",
        "user": [
            "admin"
        ],
        "content_type": [
            "base",
            "product"
        ],
        "object_id": "6",
        "object_repr": "Lamp EGLO 93380",
        "action_flag": 1,
        "change_message": "[{\"added\": {}}]"
    }
},
{
    "model": "admin.logentry",
    "pk": 41,
    "fields": {
        "action_time": "2022-08-27T20:26:07.944Z",
        "user": [
            "admin"
        ],
        "content_type": [
            "base",
            "product"
        ],
        "object_id": "6",
        "object_repr": "Lamp EGLO 93380",
        "action_flag": 2,
        "change_message": "[{\"changed\": {\"fields\": [\"Picture\"]}}]"
    }
},
{
    "model": "admin.logentry",
    "pk": 42,
    "fields": {
        "action_time": "2022-08-27T20:26:44.176Z",
        "user": [
            "admin"
        ],
        "content_type": [
            "base",
            "product"
        ],
        "object_id": "3",
        "object_repr": "Table lamp NORDLUX 19864",
        "action_flag": 2,
        "change_message": "[{\"changed\": {\"fields\": [\"Name\", \"Slug\"]}}]"
    }
},
{
    "model": "admin.logentry",
    "pk": 43,
    "fields": {
        "action_time": "2022-08-27T20:31:25.849Z",
        "user": [
            "admin"
        ],
        "content_type": [
            "base",
            "category"
        ],
        "object_id": "2",
        "object_repr": "Desk Lamp",
        "action_flag": 2,
        "change_message": "[{\"changed\": {\"fields\": [\"Name\"]}}]"
    }
},
{
    "model": "admin.logentry",
    "pk": 44,
    "fields": {
        "action_time": "2022-08-30T11:40:43.875Z",
        "user": [
            "admin"
        ],
        "content_type": [
            "auth",
            "group"
        ],
        "object_id": "1",
        "object_repr": "manager",
        "action_flag": 1,
        "change_message": "[{\"added\": {}}]"
    }
},
{
    "model": "admin.logentry",
    "pk": 45,
    "fields": {
        "action_time": "2022-08-30T11:40:52.574Z",
        "user": [
            "admin"
        ],
        "content_type": [
            "auth",
            "user"
        ],
        "object_id": "7",
        "object_repr": "manager1",
        "action_flag": 2,
        "change_message": "[{\"changed\": {\"fields\": [\"Groups\"]}}]"
    }
},
{
    "model": "admin.logentry",
    "pk": 46,
    "fields": {
        "action_time": "2022-08-31T09:40:59.908Z",
        "user": [
            "admin"
        ],
        "content_type": [
            "base",
            "saleitem"
        ],
        "object_id": "9",
        "object_repr": "Chandelier EGLO 14723",
        "action_flag": 1,
        "change_message": "[{\"added\": {}}]"
    }
},
{
    "model": "admin.logentry",
    "pk": 47,
    "fields": {
        "action_time": "2022-08-31T09:41:26.757Z",
        "user": [
            "admin"
        ],
        "content_type": [
            "base",
            "saleitem"
        ],
        "object_id": "9",
        "object_repr": "Chandelier EGLO 14723",
        "action_flag": 2,
        "change_message": "[{\"changed\": {\"fields\": [\"Position\"]}}]"
    }
},
{
    "model": "admin.logentry",
    "pk": 48,
    "fields": {
        "action_time": "2022-08-31T09:48:06.542Z",
        "user": [
            "admin"
        ],
        "content_type": [
            "base",
            "saleitem"
        ],
        "object_id": "9",
        "object_repr": "Chandelier EGLO 14723",
        "action_flag": 2,
        "change_message": "[{\"changed\": {\"fields\": [\"Is visible\"]}}]"
    }
},
{
    "model": "admin.logentry",
    "pk": 49,
    "fields": {
        "action_time": "2022-08-31T09:49:20.848Z",
        "user": [
            "admin"
        ],
        "content_type": [
            "base",
            "saleitem"
        ],
        "object_id": "8",
        "object_repr": "Chandelier WUNDERLICHT 40412",
        "action_flag": 2,
        "change_message": "[{\"changed\": {\"fields\": [\"Is visible\"]}}]"
    }
},
{
    "model": "admin.logentry",
    "pk": 50,
    "fields": {
        "action_time": "2022-08-31T09:49:37.831Z",
        "user": [
            "admin"
        ],
        "content_type": [
            "base",
            "saleitem"
        ],
        "object_id": "8",
        "object_repr": "Chandelier WUNDERLICHT 40412",
        "action_flag": 2,
        "change_message": "[{\"changed\": {\"fields\": [\"Is visible\"]}}]"
    }
},
{
    "model": "admin.logentry",
    "pk": 51,
    "fields": {
        "action_time": "2022-08-31T09:57:07.562Z",
        "user": [
            "admin"
        ],
        "content_type": [
            "base",
            "saleitem"
        ],
        "object_id": "9",
        "object_repr": "Chandelier EGLO 14723",
        "action_flag": 2,
        "change_message": "[{\"changed\": {\"fields\": [\"Is visible\"]}}]"
    }
},
{
    "model": "admin.logentry",
    "pk": 52,
    "fields": {
        "action_time": "2022-08-31T10:00:01.692Z",
        "user": [
            "admin"
        ],
        "content_type": [
            "base",
            "saleitem"
        ],
        "object_id": "9",
        "object_repr": "Chandelier EGLO 14723",
        "action_flag": 2,
        "change_message": "[{\"changed\": {\"fields\": [\"Is visible\"]}}]"
    }
},
{
    "model": "admin.logentry",
    "pk": 53,
    "fields": {
        "action_time": "2022-08-31T10:00:53.727Z",
        "user": [
            "admin"
        ],
        "content_type": [
            "base",
            "product"
        ],
        "object_id": "7",
        "object_repr": "Chandelier BLITZ 16036",
        "action_flag": 1,
        "change_message": "[{\"added\": {}}]"
    }
},
{
    "model": "admin.logentry",
    "pk": 54,
    "fields": {
        "action_time": "2022-08-31T10:01:25.781Z",
        "user": [
            "admin"
        ],
        "content_type": [
            "base",
            "product"
        ],
        "object_id": "7",
        "object_repr": "Chandelier BLITZ 16036",
        "action_flag": 2,
        "change_message": "[{\"changed\": {\"fields\": [\"Picture\"]}}]"
    }
},
{
    "model": "admin.logentry",
    "pk": 55,
    "fields": {
        "action_time": "2022-08-31T10:03:40.068Z",
        "user": [
            "admin"
        ],
        "content_type": [
            "base",
            "category"
        ],
        "object_id": "5",
        "object_repr": "Floor lamp",
        "action_flag": 1,
        "change_message": "[{\"added\": {}}]"
    }
},
{
    "model": "admin.logentry",
    "pk": 56,
    "fields": {
        "action_time": "2022-08-31T10:04:14.094Z",
        "user": [
            "admin"
        ],
        "content_type": [
            "base",
            "product"
        ],
        "object_id": "8",
        "object_repr": "Floor lamp NOWODVORSKI 84941",
        "action_flag": 1,
        "change_message": "[{\"added\": {}}]"
    }
},
{
    "model": "admin.logentry",
    "pk": 57,
    "fields": {
        "action_time": "2022-08-31T10:05:32.138Z",
        "user": [
            "admin"
        ],
        "content_type": [
            "base",
            "product"
        ],
        "object_id": "9",
        "object_repr": "Floor lamp MAYTONI 27177",
        "action_flag": 1,
        "change_message": "[{\"added\": {}}]"
    }
},
{
    "model": "admin.logentry",
    "pk": 58,
    "fields": {
        "action_time": "2022-08-31T10:08:44.331Z",
        "user": [
            "admin"
        ],
        "content_type": [
            "base",
            "product"
        ],
        "object_id": "10",
        "object_repr": "Floor lamp ZUMALINE 78322",
        "action_flag": 1,
        "change_message": "[{\"added\": {}}]"
    }
},
{
    "model": "admin.logentry",
    "pk": 59,
    "fields": {
        "action_time": "2022-08-31T10:09:45.119Z",
        "user": [
            "admin"
        ],
        "content_type": [
            "base",
            "product"
        ],
        "object_id": "11",
        "object_repr": "Floor lamp EGLO 37772",
        "action_flag": 1,
        "change_message": "[{\"added\": {}}]"
    }
},
{
    "model": "admin.logentry",
    "pk": 60,
    "fields": {
        "action_time": "2022-08-31T10:11:36.249Z",
        "user": [
            "admin"
        ],
        "content_type": [
            "base",
            "product"
        ],
        "object_id": "12",
        "object_repr": "Chandelier EGLO 26011",
        "action_flag": 1,
        "change_message": "[{\"added\": {}}]"
    }
},
{
    "model": "admin.logentry",
    "pk": 61,
    "fields": {
        "action_time": "2022-08-31T19:18:28.467Z",
        "user": [
            "admin"
        ],
        "content_type": [
            "base",
            "product"
        ],
        "object_id": "13",
        "object_repr": "Lamp EGLO 95131",
        "action_flag": 1,
        "change_message": "[{\"added\": {}}]"
    }
},
{
    "model": "admin.logentry",
    "pk": 62,
    "fields": {
        "action_time": "2022-08-31T19:19:37.620Z",
        "user": [
            "admin"
        ],
        "content_type": [
            "base",
            "product"
        ],
        "object_id": "6",
        "object_repr": "Lamp EGLO 93380",
        "action_flag": 2,
        "change_message": "[{\"changed\": {\"fields\": [\"Small description\"]}}]"
    }
},
{
    "model": "admin.logentry",
    "pk": 63,
    "fields": {
        "action_time": "2022-08-31T19:23:15.778Z",
        "user": [
            "admin"
        ],
        "content_type": [
            "base",
            "product"
        ],
        "object_id": "12",
        "object_repr": "Chandelier EGLO 26011",
        "action_flag": 2,
        "change_message": "[{\"changed\": {\"fields\": [\"Small description\"]}}]"
    }
},
{
    "model": "admin.logentry",
    "pk": 64,
    "fields": {
        "action_time": "2022-08-31T19:41:32.869Z",
        "user": [
            "admin"
        ],
        "content_type": [
            "base",
            "product"
        ],
        "object_id": "2",
        "object_repr": "Lampara de mesa LAGUNA LIGHTING 25611",
        "action_flag": 3,
        "change_message": ""
    }
},
{
    "model": "admin.logentry",
    "pk": 65,
    "fields": {
        "action_time": "2022-08-31T19:41:56.583Z",
        "user": [
            "admin"
        ],
        "content_type": [
            "base",
            "product"
        ],
        "object_id": "4",
        "object_repr": "Lampara ti lamisaan EGLO 95925",
        "action_flag": 3,
        "change_message": ""
    }
},
{
    "model": "admin.logentry",
    "pk": 66,
    "fields": {
        "action_time": "2022-08-31T19:43:30.149Z",
        "user": [
            "admin"
        ],
        "content_type": [
            "base",
            "product"
        ],
        "object_id": "14",
        "object_repr": "Lamp KANLUX 47918",
        "action_flag": 1,
        "change_message": "[{\"added\": {}}]"
    }
},
{
    "model": "admin.logentry",
    "pk": 67,
    "fields": {
        "action_time": "2022-08-31T19:43:36.498Z",
        "user": [
            "admin"
        ],
        "content_type": [
            "base",
            "category"
        ],
        "object_id": "4",
        "object_repr": "ECO",
        "action_flag": 2,
        "change_message": "[{\"changed\": {\"fields\": [\"Is visible\"]}}]"
    }
},
{
    "model": "admin.logentry",
    "pk": 68,
    "fields": {
        "action_time": "2022-08-31T19:45:57.349Z",
        "user": [
            "admin"
        ],
        "content_type": [
            "base",
            "product"
        ],
        "object_id": "3",
        "object_repr": "Table lamp EGLO 35982",
        "action_flag": 2,
        "change_message": "[{\"changed\": {\"fields\": [\"Name\", \"Slug\", \"Small description\", \"Picture\"]}}]"
    }
},
{
    "model": "admin.logentry",
    "pk": 69,
    "fields": {
        "action_time": "2022-08-31T19:46:38.842Z",
        "user": [
            "admin"
        ],
        "content_type": [
            "base",
            "product"
        ],
        "object_id": "3",
        "object_repr": "Table lamp EGLO 35982",
        "action_flag": 2,
        "change_message": "[{\"changed\": {\"fields\": [\"Small description\"]}}]"
    }
},
{
    "model": "admin.logentry",
    "pk": 70,
    "fields": {
        "action_time": "2022-08-31T19:48:11.832Z",
        "user": [
            "admin"
        ],
        "content_type": [
            "base",
            "product"
        ],
        "object_id": "5",
        "object_repr": "Kandelero nga WUNDERLICHT 25312",
        "action_flag": 2,
        "change_message": "[{\"changed\": {\"fields\": [\"Small description\"]}}]"
    }
},
{
    "model": "admin.logentry",
    "pk": 71,
    "fields": {
        "action_time": "2022-08-31T20:02:30.050Z",
        "user": [
            "admin"
        ],
        "content_type": [
            "base",
            "product"
        ],
        "object_id": "7",
        "object_repr": "Chandelier BLITZ 16036",
        "action_flag": 2,
        "change_message": "[{\"changed\": {\"fields\": [\"Small description\"]}}]"
    }
},
{
    "model": "admin.logentry",
    "pk": 72,
    "fields": {
        "action_time": "2022-08-31T20:04:56.590Z",
        "user": [
            "admin"
        ],
        "content_type": [
            "base",
            "product"
        ],
        "object_id": "1",
        "object_repr": "Chandelier nga MAYTONI 17737",
        "action_flag": 2,
        "change_message": "[{\"changed\": {\"fields\": [\"Small description\"]}}]"
    }
},
{
    "model": "admin.logentry",
    "pk": 73,
    "fields": {
        "action_time": "2022-08-31T20:05:49.654Z",
        "user": [
            "admin"
        ],
        "content_type": [
            "base",
            "product"
        ],
        "object_id": "11",
        "object_repr": "Floor lamp EGLO 37772",
        "action_flag": 2,
        "change_message": "[{\"changed\": {\"fields\": [\"Small description\"]}}]"
    }
},
{
    "model": "admin.logentry",
    "pk": 74,
    "fields": {
        "action_time": "2022-08-31T20:08:17.327Z",
        "user": [
            "admin"
        ],
        "content_type": [
            "base",
            "product"
        ],
        "object_id": "10",
        "object_repr": "Floor lamp ZUMALINE 78322",
        "action_flag": 2,
        "change_message": "[{\"changed\": {\"fields\": [\"Small description\"]}}]"
    }
},
{
    "model": "admin.logentry",
    "pk": 75,
    "fields": {
        "action_time": "2022-08-31T20:08:45.274Z",
        "user": [
            "admin"
        ],
        "content_type": [
            "base",
            "product"
        ],
        "object_id": "8",
        "object_repr": "Floor lamp NOWODVORSKI 84941",
        "action_flag": 2,
        "change_message": "[{\"changed\": {\"fields\": [\"Small description\"]}}]"
    }
},
{
    "model": "admin.logentry",
    "pk": 76,
    "fields": {
        "action_time": "2022-08-31T20:09:28.944Z",
        "user": [
            "admin"
        ],
        "content_type": [
            "base",
            "product"
        ],
        "object_id": "9",
        "object_repr": "Floor lamp MAYTONI 27177",
        "action_flag": 2,
        "change_message": "[{\"changed\": {\"fields\": [\"Small description\"]}}]"
    }
},
{
    "model": "admin.logentry",
    "pk": 77,
    "fields": {
        "action_time": "2022-08-31T20:13:30.438Z",
        "user": [
            "admin"
        ],
        "content_type": [
            "base",
            "product"
        ],
        "object_id": "15",
        "object_repr": "Lamp EGLO 96437",
        "action_flag": 1,
        "change_message": "[{\"added\": {}}]"
    }
},
{
    "model": "admin.logentry",
    "pk": 78,
    "fields": {
        "action_time": "2022-08-31T20:16:56.490Z",
        "user": [
            "admin"
        ],
        "content_type": [
            "base",
            "product"
        ],
        "object_id": "16",
        "object_repr": "Table lamp EGLO 35930",
        "action_flag": 1,
        "change_message": "[{\"added\": {}}]"
    }
},
{
    "model": "admin.logentry",
    "pk": 79,
    "fields": {
        "action_time": "2022-08-31T20:17:29.460Z",
        "user": [
            "admin"
        ],
        "content_type": [
            "base",
            "product"
        ],
        "object_id": "3",
        "object_repr": "Table lamp EGLO 35982",
        "action_flag": 2,
        "change_message": "[]"
    }
},
{
    "model": "admin.logentry",
    "pk": 80,
    "fields": {
        "action_time": "2022-08-31T20:31:00.474Z",
        "user": [
            "admin"
        ],
        "content_type": [
            "base",
            "product"
        ],
        "object_id": "17",
        "object_repr": "Table lamp KANLUX 84450",
        "action_flag": 1,
        "change_message": "[{\"added\": {}}]"
    }
},
{
    "model": "admin.logentry",
    "pk": 81,
    "fields": {
        "action_time": "2022-08-31T20:34:34.094Z",
        "user": [
            "admin"
        ],
        "content_type": [
            "base",
            "product"
        ],
        "object_id": "18",
        "object_repr": "Table lamp FREYA 40629",
        "action_flag": 1,
        "change_message": "[{\"added\": {}}]"
    }
},
{
    "model": "admin.logentry",
    "pk": 82,
    "fields": {
        "action_time": "2022-09-01T09:54:37.977Z",
        "user": [
            "admin"
        ],
        "content_type": [
            "base",
            "product"
        ],
        "object_id": "19",
        "object_repr": "asdasdzxcxzczxc",
        "action_flag": 1,
        "change_message": "[{\"added\": {}}]"
    }
},
{
    "model": "admin.logentry",
    "pk": 83,
    "fields": {
        "action_time": "2022-09-01T09:57:09.511Z",
        "user": [
            "admin"
        ],
        "content_type": [
            "base",
            "product"
        ],
        "object_id": "19",
        "object_repr": "asdasdzxcxzczxc",
        "action_flag": 3,
        "change_message": ""
    }
},
{
    "model": "admin.logentry",
    "pk": 84,
    "fields": {
        "action_time": "2022-09-01T18:01:52.734Z",
        "user": [
            "admin"
        ],
        "content_type": [
            "auth",
            "user"
        ],
        "object_id": "3",
        "object_repr": "user2",
        "action_flag": 3,
        "change_message": ""
    }
},
{
    "model": "admin.logentry",
    "pk": 85,
    "fields": {
        "action_time": "2022-09-01T18:01:52.746Z",
        "user": [
            "admin"
        ],
        "content_type": [
            "auth",
            "user"
        ],
        "object_id": "4",
        "object_repr": "user3",
        "action_flag": 3,
        "change_message": ""
    }
},
{
    "model": "admin.logentry",
    "pk": 86,
    "fields": {
        "action_time": "2022-09-01T18:01:52.752Z",
        "user": [
            "admin"
        ],
        "content_type": [
            "auth",
            "user"
        ],
        "object_id": "5",
        "object_repr": "user4",
        "action_flag": 3,
        "change_message": ""
    }
},
{
    "model": "admin.logentry",
    "pk": 87,
    "fields": {
        "action_time": "2022-09-01T18:01:52.758Z",
        "user": [
            "admin"
        ],
        "content_type": [
            "auth",
            "user"
        ],
        "object_id": "6",
        "object_repr": "user5",
        "action_flag": 3,
        "change_message": ""
    }
},
{
    "model": "admin.logentry",
    "pk": 88,
    "fields": {
        "action_time": "2022-09-01T18:01:52.764Z",
        "user": [
            "admin"
        ],
        "content_type": [
            "auth",
            "user"
        ],
        "object_id": "8",
        "object_repr": "user6",
        "action_flag": 3,
        "change_message": ""
    }
},
{
    "model": "admin.logentry",
    "pk": 89,
    "fields": {
        "action_time": "2022-09-01T18:01:52.769Z",
        "user": [
            "admin"
        ],
        "content_type": [
            "auth",
            "user"
        ],
        "object_id": "9",
        "object_repr": "user7",
        "action_flag": 3,
        "change_message": ""
    }
},
{
    "model": "admin.logentry",
    "pk": 90,
    "fields": {
        "action_time": "2022-09-01T18:01:52.774Z",
        "user": [
            "admin"
        ],
        "content_type": [
            "auth",
            "user"
        ],
        "object_id": "10",
        "object_repr": "user8",
        "action_flag": 3,
        "change_message": ""
    }
},
{
    "model": "admin.logentry",
    "pk": 91,
    "fields": {
        "action_time": "2022-09-01T18:01:52.779Z",
        "user": [
            "admin"
        ],
        "content_type": [
            "auth",
            "user"
        ],
        "object_id": "11",
        "object_repr": "user9",
        "action_flag": 3,
        "change_message": ""
    }
},
{
    "model": "admin.logentry",
    "pk": 92,
    "fields": {
        "action_time": "2022-09-01T20:45:19.915Z",
        "user": [
            "admin"
        ],
        "content_type": [
            "base",
            "saleitem"
        ],
        "object_id": "4",
        "object_repr": "Bath lamp NOWODVORSKI 37544",
        "action_flag": 2,
        "change_message": "[{\"changed\": {\"fields\": [\"Name\", \"Slug\", \"Small description\"]}}]"
    }
},
{
    "model": "admin.logentry",
    "pk": 93,
    "fields": {
        "action_time": "2022-09-01T20:45:41.507Z",
        "user": [
            "admin"
        ],
        "content_type": [
            "base",
            "saleitem"
        ],
        "object_id": "4",
        "object_repr": "Bath lamp NOWODVORSKI 37544",
        "action_flag": 2,
        "change_message": "[{\"changed\": {\"fields\": [\"Picture\"]}}]"
    }
},
{
    "model": "admin.logentry",
    "pk": 94,
    "fields": {
        "action_time": "2022-09-01T20:46:12.884Z",
        "user": [
            "admin"
        ],
        "content_type": [
            "base",
            "saleitem"
        ],
        "object_id": "4",
        "object_repr": "Bath lamp NOWODVORSKI 37544",
        "action_flag": 2,
        "change_message": "[{\"changed\": {\"fields\": [\"Picture\"]}}]"
    }
},
{
    "model": "admin.logentry",
    "pk": 95,
    "fields": {
        "action_time": "2022-09-01T20:50:32.540Z",
        "user": [
            "admin"
        ],
        "content_type": [
            "base",
            "saleitem"
        ],
        "object_id": "1",
        "object_repr": "Chandelier nga FREYA 12268",
        "action_flag": 2,
        "change_message": "[{\"changed\": {\"fields\": [\"Small description\"]}}]"
    }
},
{
    "model": "admin.logentry",
    "pk": 96,
    "fields": {
        "action_time": "2022-09-01T20:52:20.969Z",
        "user": [
            "admin"
        ],
        "content_type": [
            "base",
            "saleitem"
        ],
        "object_id": "3",
        "object_repr": "Chandelier MAYTONI 31809",
        "action_flag": 2,
        "change_message": "[{\"changed\": {\"fields\": [\"Name\", \"Slug\", \"Small description\"]}}]"
    }
},
{
    "model": "admin.logentry",
    "pk": 97,
    "fields": {
        "action_time": "2022-09-01T20:54:44.998Z",
        "user": [
            "admin"
        ],
        "content_type": [
            "base",
            "saleitem"
        ],
        "object_id": "2",
        "object_repr": "Chandelier MAYTONI 27260",
        "action_flag": 2,
        "change_message": "[{\"changed\": {\"fields\": [\"Name\", \"Slug\", \"Small description\", \"Past price\", \"New price\", \"Picture\"]}}]"
    }
},
{
    "model": "admin.logentry",
    "pk": 98,
    "fields": {
        "action_time": "2022-09-01T20:55:30.704Z",
        "user": [
            "admin"
        ],
        "content_type": [
            "base",
            "saleitem"
        ],
        "object_id": "2",
        "object_repr": "Chandelier MAYTONI 27260",
        "action_flag": 2,
        "change_message": "[{\"changed\": {\"fields\": [\"Picture\"]}}]"
    }
},
{
    "model": "admin.logentry",
    "pk": 99,
    "fields": {
        "action_time": "2022-09-01T20:57:12.326Z",
        "user": [
            "admin"
        ],
        "content_type": [
            "base",
            "saleitem"
        ],
        "object_id": "5",
        "object_repr": "Street lamp NOWODVORSKI 84933",
        "action_flag": 2,
        "change_message": "[{\"changed\": {\"fields\": [\"Small description\"]}}]"
    }
},
{
    "model": "admin.logentry",
    "pk": 100,
    "fields": {
        "action_time": "2022-09-01T20:58:00.637Z",
        "user": [
            "admin"
        ],
        "content_type": [
            "base",
            "saleitem"
        ],
        "object_id": "6",
        "object_repr": "Street lamp NOWODVORSKI 58255",
        "action_flag": 2,
        "change_message": "[{\"changed\": {\"fields\": [\"Small description\"]}}]"
    }
},
{
    "model": "admin.logentry",
    "pk": 101,
    "fields": {
        "action_time": "2022-09-01T20:58:31.342Z",
        "user": [
            "admin"
        ],
        "content_type": [
            "base",
            "saleitem"
        ],
        "object_id": "7",
        "object_repr": "Chandelier WUNDERLICHT 40383",
        "action_flag": 2,
        "change_message": "[{\"changed\": {\"fields\": [\"Small description\"]}}]"
    }
},
{
    "model": "admin.logentry",
    "pk": 102,
    "fields": {
        "action_time": "2022-09-01T20:58:58.684Z",
        "user": [
            "admin"
        ],
        "content_type": [
            "base",
            "saleitem"
        ],
        "object_id": "8",
        "object_repr": "Chandelier WUNDERLICHT 40412",
        "action_flag": 2,
        "change_message": "[{\"changed\": {\"fields\": [\"Small description\"]}}]"
    }
},
{
    "model": "admin.logentry",
    "pk": 103,
    "fields": {
        "action_time": "2022-09-02T16:59:32.956Z",
        "user": [
            "admin"
        ],
        "content_type": [
            "base",
            "saleitem"
        ],
        "object_id": "9",
        "object_repr": "Chandelier EGLO 14723",
        "action_flag": 2,
        "change_message": "[{\"changed\": {\"fields\": [\"Position\"]}}]"
    }
},
{
    "model": "admin.logentry",
    "pk": 104,
    "fields": {
        "action_time": "2022-09-02T16:59:40.629Z",
        "user": [
            "admin"
        ],
        "content_type": [
            "base",
            "saleitem"
        ],
        "object_id": "8",
        "object_repr": "Chandelier WUNDERLICHT 40412",
        "action_flag": 2,
        "change_message": "[{\"changed\": {\"fields\": [\"Position\"]}}]"
    }
},
{
    "model": "admin.logentry",
    "pk": 105,
    "fields": {
        "action_time": "2022-09-03T10:26:15.760Z",
        "user": [
            "admin"
        ],
        "content_type": [
            "base",
            "userform"
        ],
        "object_id": "5",
        "object_repr": "asd-2022-09-14",
        "action_flag": 3,
        "change_message": ""
    }
},
{
    "model": "admin.logentry",
    "pk": 106,
    "fields": {
        "action_time": "2022-09-03T10:26:15.769Z",
        "user": [
            "admin"
        ],
        "content_type": [
            "base",
            "userform"
        ],
        "object_id": "7",
        "object_repr": "aasd-2022-09-13",
        "action_flag": 3,
        "change_message": ""
    }
},
{
    "model": "admin.logentry",
    "pk": 107,
    "fields": {
        "action_time": "2022-09-03T10:26:15.774Z",
        "user": [
            "admin"
        ],
        "content_type": [
            "base",
            "userform"
        ],
        "object_id": "8",
        "object_repr": "iojbiupbipou-2022-09-23",
        "action_flag": 3,
        "change_message": ""
    }
},
{
    "model": "admin.logentry",
    "pk": 108,
    "fields": {
        "action_time": "2022-09-03T10:26:15.779Z",
        "user": [
            "admin"
        ],
        "content_type": [
            "base",
            "userform"
        ],
        "object_id": "6",
        "object_repr": "asd-2022-09-21",
        "action_flag": 3,
        "change_message": ""
    }
},
{
    "model": "admin.logentry",
    "pk": 109,
    "fields": {
        "action_time": "2022-09-03T10:26:15.784Z",
        "user": [
            "admin"
        ],
        "content_type": [
            "base",
            "userform"
        ],
        "object_id": "1",
        "object_repr": "asd-2022-08-09",
        "action_flag": 3,
        "change_message": ""
    }
},
{
    "model": "admin.logentry",
    "pk": 110,
    "fields": {
        "action_time": "2022-09-03T10:26:15.789Z",
        "user": [
            "admin"
        ],
        "content_type": [
            "base",
            "userform"
        ],
        "object_id": "3",
        "object_repr": "asdadsdasadas-2022-08-30",
        "action_flag": 3,
        "change_message": ""
    }
},
{
    "model": "admin.logentry",
    "pk": 111,
    "fields": {
        "action_time": "2022-09-03T10:26:15.793Z",
        "user": [
            "admin"
        ],
        "content_type": [
            "base",
            "userform"
        ],
        "object_id": "2",
        "object_repr": "sadsadasdsadsa-2022-08-23",
        "action_flag": 3,
        "change_message": ""
    }
},
{
    "model": "admin.logentry",
    "pk": 112,
    "fields": {
        "action_time": "2022-09-03T10:41:28.955Z",
        "user": [
            "admin"
        ],
        "content_type": [
            "base",
            "userform"
        ],
        "object_id": "11",
        "object_repr": "asdasd-2022-09-17",
        "action_flag": 3,
        "change_message": ""
    }
},
{
    "model": "admin.logentry",
    "pk": 113,
    "fields": {
        "action_time": "2022-09-03T10:41:28.963Z",
        "user": [
            "admin"
        ],
        "content_type": [
            "base",
            "userform"
        ],
        "object_id": "4",
        "object_repr": "bxc-2022-09-01",
        "action_flag": 3,
        "change_message": ""
    }
},
{
    "model": "admin.logentry",
    "pk": 114,
    "fields": {
        "action_time": "2022-09-03T10:41:28.968Z",
        "user": [
            "admin"
        ],
        "content_type": [
            "base",
            "userform"
        ],
        "object_id": "13",
        "object_repr": "asdasd-2022-09-15",
        "action_flag": 3,
        "change_message": ""
    }
},
{
    "model": "admin.logentry",
    "pk": 115,
    "fields": {
        "action_time": "2022-09-03T10:41:28.976Z",
        "user": [
            "admin"
        ],
        "content_type": [
            "base",
            "userform"
        ],
        "object_id": "12",
        "object_repr": "asdasd-2022-09-15",
        "action_flag": 3,
        "change_message": ""
    }
},
{
    "model": "admin.logentry",
    "pk": 116,
    "fields": {
        "action_time": "2022-09-03T10:41:28.982Z",
        "user": [
            "admin"
        ],
        "content_type": [
            "base",
            "userform"
        ],
        "object_id": "10",
        "object_repr": "asdasd-2022-09-15",
        "action_flag": 3,
        "change_message": ""
    }
},
{
    "model": "admin.logentry",
    "pk": 117,
    "fields": {
        "action_time": "2022-09-03T10:41:28.988Z",
        "user": [
            "admin"
        ],
        "content_type": [
            "base",
            "userform"
        ],
        "object_id": "9",
        "object_repr": "asdasd-2022-09-15",
        "action_flag": 3,
        "change_message": ""
    }
},
{
    "model": "admin.logentry",
    "pk": 118,
    "fields": {
        "action_time": "2022-09-03T10:54:20.292Z",
        "user": [
            "admin"
        ],
        "content_type": [
            "base",
            "userform"
        ],
        "object_id": "16",
        "object_repr": "asdasdasdasd-2022-09-08",
        "action_flag": 3,
        "change_message": ""
    }
},
{
    "model": "admin.logentry",
    "pk": 119,
    "fields": {
        "action_time": "2022-09-03T10:54:20.301Z",
        "user": [
            "admin"
        ],
        "content_type": [
            "base",
            "userform"
        ],
        "object_id": "18",
        "object_repr": "asdasdas-2022-09-09",
        "action_flag": 3,
        "change_message": ""
    }
},
{
    "model": "admin.logentry",
    "pk": 120,
    "fields": {
        "action_time": "2022-09-03T10:54:20.307Z",
        "user": [
            "admin"
        ],
        "content_type": [
            "base",
            "userform"
        ],
        "object_id": "14",
        "object_repr": "zxcxzczxcxzcxz-2022-09-10",
        "action_flag": 3,
        "change_message": ""
    }
},
{
    "model": "admin.logentry",
    "pk": 121,
    "fields": {
        "action_time": "2022-09-03T10:54:20.315Z",
        "user": [
            "admin"
        ],
        "content_type": [
            "base",
            "userform"
        ],
        "object_id": "15",
        "object_repr": "asdasd-2022-09-29",
        "action_flag": 3,
        "change_message": ""
    }
},
{
    "model": "admin.logentry",
    "pk": 122,
    "fields": {
        "action_time": "2022-09-03T10:54:20.321Z",
        "user": [
            "admin"
        ],
        "content_type": [
            "base",
            "userform"
        ],
        "object_id": "17",
        "object_repr": "sad-2022-09-18",
        "action_flag": 3,
        "change_message": ""
    }
},
{
    "model": "admin.logentry",
    "pk": 123,
    "fields": {
        "action_time": "2022-09-03T10:55:58.932Z",
        "user": [
            "admin"
        ],
        "content_type": [
            "base",
            "mailing"
        ],
        "object_id": "4",
        "object_repr": "bogdan.maksimenko.2002@gmail.com",
        "action_flag": 3,
        "change_message": ""
    }
},
{
    "model": "admin.logentry",
    "pk": 124,
    "fields": {
        "action_time": "2022-09-03T13:06:14.094Z",
        "user": [
            "admin"
        ],
        "content_type": [
            "base",
            "product"
        ],
        "object_id": "13",
        "object_repr": "Lamp EGLO 95131",
        "action_flag": 2,
        "change_message": "[]"
    }
},
{
    "model": "admin.logentry",
    "pk": 125,
    "fields": {
        "action_time": "2022-09-03T14:04:45.730Z",
        "user": [
            "admin"
        ],
        "content_type": [
            "base",
            "product"
        ],
        "object_id": "20",
        "object_repr": "Chandelier MAYTONI 38351",
        "action_flag": 1,
        "change_message": "[{\"added\": {}}]"
    }
},
{
    "model": "admin.logentry",
    "pk": 126,
    "fields": {
        "action_time": "2022-09-03T14:07:08.341Z",
        "user": [
            "admin"
        ],
        "content_type": [
            "base",
            "product"
        ],
        "object_id": "21",
        "object_repr": "Street lamp EGLO 92720",
        "action_flag": 1,
        "change_message": "[{\"added\": {}}]"
    }
},
{
    "model": "admin.logentry",
    "pk": 127,
    "fields": {
        "action_time": "2022-09-03T14:07:36.854Z",
        "user": [
            "admin"
        ],
        "content_type": [
            "base",
            "product"
        ],
        "object_id": "21",
        "object_repr": "Street lamp EGLO 92720",
        "action_flag": 2,
        "change_message": "[{\"changed\": {\"fields\": [\"Category\"]}}]"
    }
},
{
    "model": "admin.logentry",
    "pk": 128,
    "fields": {
        "action_time": "2022-09-03T20:02:38.751Z",
        "user": [
            "admin"
        ],
        "content_type": [
            "cart",
            "userorderform"
        ],
        "object_id": "2",
        "object_repr": "asdad",
        "action_flag": 3,
        "change_message": ""
    }
},
{
    "model": "admin.logentry",
    "pk": 129,
    "fields": {
        "action_time": "2022-09-03T20:02:38.751Z",
        "user": [
            "admin"
        ],
        "content_type": [
            "cart",
            "userorderform"
        ],
        "object_id": "1",
        "object_repr": "bogdan",
        "action_flag": 3,
        "change_message": ""
    }
},
{
    "model": "admin.logentry",
    "pk": 130,
    "fields": {
        "action_time": "2022-09-03T20:20:42.560Z",
        "user": [
            "admin"
        ],
        "content_type": [
            "cart",
            "userorderform"
        ],
        "object_id": "18",
        "object_repr": "asd",
        "action_flag": 3,
        "change_message": ""
    }
},
{
    "model": "admin.logentry",
    "pk": 131,
    "fields": {
        "action_time": "2022-09-03T20:20:42.565Z",
        "user": [
            "admin"
        ],
        "content_type": [
            "cart",
            "userorderform"
        ],
        "object_id": "17",
        "object_repr": "asd",
        "action_flag": 3,
        "change_message": ""
    }
},
{
    "model": "admin.logentry",
    "pk": 132,
    "fields": {
        "action_time": "2022-09-03T20:20:42.571Z",
        "user": [
            "admin"
        ],
        "content_type": [
            "cart",
            "userorderform"
        ],
        "object_id": "16",
        "object_repr": "asd",
        "action_flag": 3,
        "change_message": ""
    }
},
{
    "model": "admin.logentry",
    "pk": 133,
    "fields": {
        "action_time": "2022-09-03T20:20:42.577Z",
        "user": [
            "admin"
        ],
        "content_type": [
            "cart",
            "userorderform"
        ],
        "object_id": "15",
        "object_repr": "asdasd",
        "action_flag": 3,
        "change_message": ""
    }
},
{
    "model": "admin.logentry",
    "pk": 134,
    "fields": {
        "action_time": "2022-09-03T20:20:42.583Z",
        "user": [
            "admin"
        ],
        "content_type": [
            "cart",
            "userorderform"
        ],
        "object_id": "14",
        "object_repr": "asdasd",
        "action_flag": 3,
        "change_message": ""
    }
},
{
    "model": "admin.logentry",
    "pk": 135,
    "fields": {
        "action_time": "2022-09-03T20:20:42.589Z",
        "user": [
            "admin"
        ],
        "content_type": [
            "cart",
            "userorderform"
        ],
        "object_id": "13",
        "object_repr": "asdasddsa",
        "action_flag": 3,
        "change_message": ""
    }
},
{
    "model": "admin.logentry",
    "pk": 136,
    "fields": {
        "action_time": "2022-09-03T20:20:42.594Z",
        "user": [
            "admin"
        ],
        "content_type": [
            "cart",
            "userorderform"
        ],
        "object_id": "12",
        "object_repr": "asd",
        "action_flag": 3,
        "change_message": ""
    }
},
{
    "model": "admin.logentry",
    "pk": 137,
    "fields": {
        "action_time": "2022-09-03T20:20:42.600Z",
        "user": [
            "admin"
        ],
        "content_type": [
            "cart",
            "userorderform"
        ],
        "object_id": "11",
        "object_repr": "asd",
        "action_flag": 3,
        "change_message": ""
    }
},
{
    "model": "admin.logentry",
    "pk": 138,
    "fields": {
        "action_time": "2022-09-03T20:20:42.607Z",
        "user": [
            "admin"
        ],
        "content_type": [
            "cart",
            "userorderform"
        ],
        "object_id": "10",
        "object_repr": "asd",
        "action_flag": 3,
        "change_message": ""
    }
},
{
    "model": "admin.logentry",
    "pk": 139,
    "fields": {
        "action_time": "2022-09-03T20:20:42.611Z",
        "user": [
            "admin"
        ],
        "content_type": [
            "cart",
            "userorderform"
        ],
        "object_id": "9",
        "object_repr": "asd",
        "action_flag": 3,
        "change_message": ""
    }
},
{
    "model": "admin.logentry",
    "pk": 140,
    "fields": {
        "action_time": "2022-09-03T20:20:42.615Z",
        "user": [
            "admin"
        ],
        "content_type": [
            "cart",
            "userorderform"
        ],
        "object_id": "8",
        "object_repr": "asdd",
        "action_flag": 3,
        "change_message": ""
    }
},
{
    "model": "admin.logentry",
    "pk": 141,
    "fields": {
        "action_time": "2022-09-03T20:20:42.620Z",
        "user": [
            "admin"
        ],
        "content_type": [
            "cart",
            "userorderform"
        ],
        "object_id": "7",
        "object_repr": "asdd",
        "action_flag": 3,
        "change_message": ""
    }
},
{
    "model": "admin.logentry",
    "pk": 142,
    "fields": {
        "action_time": "2022-09-03T20:20:42.625Z",
        "user": [
            "admin"
        ],
        "content_type": [
            "cart",
            "userorderform"
        ],
        "object_id": "6",
        "object_repr": "asdd",
        "action_flag": 3,
        "change_message": ""
    }
},
{
    "model": "admin.logentry",
    "pk": 143,
    "fields": {
        "action_time": "2022-09-03T20:20:42.630Z",
        "user": [
            "admin"
        ],
        "content_type": [
            "cart",
            "userorderform"
        ],
        "object_id": "5",
        "object_repr": "asdd",
        "action_flag": 3,
        "change_message": ""
    }
},
{
    "model": "admin.logentry",
    "pk": 144,
    "fields": {
        "action_time": "2022-09-03T20:20:42.635Z",
        "user": [
            "admin"
        ],
        "content_type": [
            "cart",
            "userorderform"
        ],
        "object_id": "4",
        "object_repr": "asdas",
        "action_flag": 3,
        "change_message": ""
    }
},
{
    "model": "admin.logentry",
    "pk": 145,
    "fields": {
        "action_time": "2022-09-03T20:20:42.640Z",
        "user": [
            "admin"
        ],
        "content_type": [
            "cart",
            "userorderform"
        ],
        "object_id": "3",
        "object_repr": "adda",
        "action_flag": 3,
        "change_message": ""
    }
},
{
    "model": "admin.logentry",
    "pk": 146,
    "fields": {
        "action_time": "2022-09-04T12:19:24.082Z",
        "user": [
            "admin"
        ],
        "content_type": [
            "base",
            "mailing"
        ],
        "object_id": "9",
        "object_repr": "bogdan.maksimenko.2002@gmail.com",
        "action_flag": 3,
        "change_message": ""
    }
},
{
    "model": "admin.logentry",
    "pk": 147,
    "fields": {
        "action_time": "2022-09-04T12:19:24.091Z",
        "user": [
            "admin"
        ],
        "content_type": [
            "base",
            "mailing"
        ],
        "object_id": "8",
        "object_repr": "bogdan.maksimenko.2002@gmail.com",
        "action_flag": 3,
        "change_message": ""
    }
},
{
    "model": "admin.logentry",
    "pk": 148,
    "fields": {
        "action_time": "2022-09-04T12:19:24.098Z",
        "user": [
            "admin"
        ],
        "content_type": [
            "base",
            "mailing"
        ],
        "object_id": "7",
        "object_repr": "bogdan.maksimenko.2002@gmail.com",
        "action_flag": 3,
        "change_message": ""
    }
},
{
    "model": "admin.logentry",
    "pk": 149,
    "fields": {
        "action_time": "2022-09-04T12:19:24.106Z",
        "user": [
            "admin"
        ],
        "content_type": [
            "base",
            "mailing"
        ],
        "object_id": "5",
        "object_repr": "bogda@gmail.com",
        "action_flag": 3,
        "change_message": ""
    }
},
{
    "model": "admin.logentry",
    "pk": 150,
    "fields": {
        "action_time": "2022-09-04T15:10:35.347Z",
        "user": [
            "admin"
        ],
        "content_type": [
            "cart",
            "userorderform"
        ],
        "object_id": "43",
        "object_repr": "asd",
        "action_flag": 3,
        "change_message": ""
    }
},
{
    "model": "admin.logentry",
    "pk": 151,
    "fields": {
        "action_time": "2022-09-04T15:10:35.356Z",
        "user": [
            "admin"
        ],
        "content_type": [
            "cart",
            "userorderform"
        ],
        "object_id": "42",
        "object_repr": "asd",
        "action_flag": 3,
        "change_message": ""
    }
},
{
    "model": "admin.logentry",
    "pk": 152,
    "fields": {
        "action_time": "2022-09-04T15:10:35.362Z",
        "user": [
            "admin"
        ],
        "content_type": [
            "cart",
            "userorderform"
        ],
        "object_id": "41",
        "object_repr": "asd",
        "action_flag": 3,
        "change_message": ""
    }
},
{
    "model": "admin.logentry",
    "pk": 153,
    "fields": {
        "action_time": "2022-09-04T15:10:35.368Z",
        "user": [
            "admin"
        ],
        "content_type": [
            "cart",
            "userorderform"
        ],
        "object_id": "40",
        "object_repr": "asd",
        "action_flag": 3,
        "change_message": ""
    }
},
{
    "model": "admin.logentry",
    "pk": 154,
    "fields": {
        "action_time": "2022-09-04T15:10:35.375Z",
        "user": [
            "admin"
        ],
        "content_type": [
            "cart",
            "userorderform"
        ],
        "object_id": "39",
        "object_repr": "asd",
        "action_flag": 3,
        "change_message": ""
    }
},
{
    "model": "admin.logentry",
    "pk": 155,
    "fields": {
        "action_time": "2022-09-04T15:10:35.381Z",
        "user": [
            "admin"
        ],
        "content_type": [
            "cart",
            "userorderform"
        ],
        "object_id": "38",
        "object_repr": "asd",
        "action_flag": 3,
        "change_message": ""
    }
},
{
    "model": "admin.logentry",
    "pk": 156,
    "fields": {
        "action_time": "2022-09-04T15:10:35.386Z",
        "user": [
            "admin"
        ],
        "content_type": [
            "cart",
            "userorderform"
        ],
        "object_id": "37",
        "object_repr": "asd",
        "action_flag": 3,
        "change_message": ""
    }
},
{
    "model": "admin.logentry",
    "pk": 157,
    "fields": {
        "action_time": "2022-09-04T15:10:35.392Z",
        "user": [
            "admin"
        ],
        "content_type": [
            "cart",
            "userorderform"
        ],
        "object_id": "36",
        "object_repr": "asd",
        "action_flag": 3,
        "change_message": ""
    }
},
{
    "model": "admin.logentry",
    "pk": 158,
    "fields": {
        "action_time": "2022-09-04T15:10:35.398Z",
        "user": [
            "admin"
        ],
        "content_type": [
            "cart",
            "userorderform"
        ],
        "object_id": "35",
        "object_repr": "asd",
        "action_flag": 3,
        "change_message": ""
    }
},
{
    "model": "admin.logentry",
    "pk": 159,
    "fields": {
        "action_time": "2022-09-04T15:10:35.403Z",
        "user": [
            "admin"
        ],
        "content_type": [
            "cart",
            "userorderform"
        ],
        "object_id": "34",
        "object_repr": "asd",
        "action_flag": 3,
        "change_message": ""
    }
},
{
    "model": "admin.logentry",
    "pk": 160,
    "fields": {
        "action_time": "2022-09-04T15:10:35.408Z",
        "user": [
            "admin"
        ],
        "content_type": [
            "cart",
            "userorderform"
        ],
        "object_id": "33",
        "object_repr": "asd",
        "action_flag": 3,
        "change_message": ""
    }
},
{
    "model": "admin.logentry",
    "pk": 161,
    "fields": {
        "action_time": "2022-09-04T15:10:35.413Z",
        "user": [
            "admin"
        ],
        "content_type": [
            "cart",
            "userorderform"
        ],
        "object_id": "32",
        "object_repr": "asd",
        "action_flag": 3,
        "change_message": ""
    }
},
{
    "model": "admin.logentry",
    "pk": 162,
    "fields": {
        "action_time": "2022-09-04T15:10:35.417Z",
        "user": [
            "admin"
        ],
        "content_type": [
            "cart",
            "userorderform"
        ],
        "object_id": "31",
        "object_repr": "asd",
        "action_flag": 3,
        "change_message": ""
    }
},
{
    "model": "admin.logentry",
    "pk": 163,
    "fields": {
        "action_time": "2022-09-04T15:10:35.421Z",
        "user": [
            "admin"
        ],
        "content_type": [
            "cart",
            "userorderform"
        ],
        "object_id": "30",
        "object_repr": "asd",
        "action_flag": 3,
        "change_message": ""
    }
},
{
    "model": "admin.logentry",
    "pk": 164,
    "fields": {
        "action_time": "2022-09-04T15:10:35.426Z",
        "user": [
            "admin"
        ],
        "content_type": [
            "cart",
            "userorderform"
        ],
        "object_id": "29",
        "object_repr": "asd",
        "action_flag": 3,
        "change_message": ""
    }
},
{
    "model": "admin.logentry",
    "pk": 165,
    "fields": {
        "action_time": "2022-09-04T15:10:35.430Z",
        "user": [
            "admin"
        ],
        "content_type": [
            "cart",
            "userorderform"
        ],
        "object_id": "28",
        "object_repr": "asdd",
        "action_flag": 3,
        "change_message": ""
    }
},
{
    "model": "admin.logentry",
    "pk": 166,
    "fields": {
        "action_time": "2022-09-04T15:10:35.435Z",
        "user": [
            "admin"
        ],
        "content_type": [
            "cart",
            "userorderform"
        ],
        "object_id": "27",
        "object_repr": "asdd",
        "action_flag": 3,
        "change_message": ""
    }
},
{
    "model": "admin.logentry",
    "pk": 167,
    "fields": {
        "action_time": "2022-09-04T15:10:35.439Z",
        "user": [
            "admin"
        ],
        "content_type": [
            "cart",
            "userorderform"
        ],
        "object_id": "26",
        "object_repr": "asdd",
        "action_flag": 3,
        "change_message": ""
    }
},
{
    "model": "admin.logentry",
    "pk": 168,
    "fields": {
        "action_time": "2022-09-04T15:10:35.444Z",
        "user": [
            "admin"
        ],
        "content_type": [
            "cart",
            "userorderform"
        ],
        "object_id": "25",
        "object_repr": "asdd",
        "action_flag": 3,
        "change_message": ""
    }
},
{
    "model": "admin.logentry",
    "pk": 169,
    "fields": {
        "action_time": "2022-09-04T15:10:35.449Z",
        "user": [
            "admin"
        ],
        "content_type": [
            "cart",
            "userorderform"
        ],
        "object_id": "24",
        "object_repr": "asdd",
        "action_flag": 3,
        "change_message": ""
    }
},
{
    "model": "admin.logentry",
    "pk": 170,
    "fields": {
        "action_time": "2022-09-04T15:10:35.454Z",
        "user": [
            "admin"
        ],
        "content_type": [
            "cart",
            "userorderform"
        ],
        "object_id": "23",
        "object_repr": "asdd",
        "action_flag": 3,
        "change_message": ""
    }
},
{
    "model": "admin.logentry",
    "pk": 171,
    "fields": {
        "action_time": "2022-09-04T15:10:35.459Z",
        "user": [
            "admin"
        ],
        "content_type": [
            "cart",
            "userorderform"
        ],
        "object_id": "22",
        "object_repr": "asd",
        "action_flag": 3,
        "change_message": ""
    }
},
{
    "model": "admin.logentry",
    "pk": 172,
    "fields": {
        "action_time": "2022-09-04T15:10:35.463Z",
        "user": [
            "admin"
        ],
        "content_type": [
            "cart",
            "userorderform"
        ],
        "object_id": "21",
        "object_repr": "asd",
        "action_flag": 3,
        "change_message": ""
    }
},
{
    "model": "admin.logentry",
    "pk": 173,
    "fields": {
        "action_time": "2022-09-04T15:10:35.468Z",
        "user": [
            "admin"
        ],
        "content_type": [
            "cart",
            "userorderform"
        ],
        "object_id": "20",
        "object_repr": "asd",
        "action_flag": 3,
        "change_message": ""
    }
},
{
    "model": "admin.logentry",
    "pk": 174,
    "fields": {
        "action_time": "2022-09-04T15:10:35.473Z",
        "user": [
            "admin"
        ],
        "content_type": [
            "cart",
            "userorderform"
        ],
        "object_id": "19",
        "object_repr": "asd",
        "action_flag": 3,
        "change_message": ""
    }
},
{
    "model": "admin.logentry",
    "pk": 175,
    "fields": {
        "action_time": "2022-09-04T16:35:06.995Z",
        "user": [
            "admin"
        ],
        "content_type": [
            "cart",
            "userorderform"
        ],
        "object_id": "46",
        "object_repr": "asd",
        "action_flag": 3,
        "change_message": ""
    }
},
{
    "model": "admin.logentry",
    "pk": 176,
    "fields": {
        "action_time": "2022-09-04T16:35:07.002Z",
        "user": [
            "admin"
        ],
        "content_type": [
            "cart",
            "userorderform"
        ],
        "object_id": "45",
        "object_repr": "asd",
        "action_flag": 3,
        "change_message": ""
    }
},
{
    "model": "admin.logentry",
    "pk": 177,
    "fields": {
        "action_time": "2022-09-04T16:35:07.010Z",
        "user": [
            "admin"
        ],
        "content_type": [
            "cart",
            "userorderform"
        ],
        "object_id": "44",
        "object_repr": "asd",
        "action_flag": 3,
        "change_message": ""
    }
},
{
    "model": "admin.logentry",
    "pk": 178,
    "fields": {
        "action_time": "2022-09-04T16:37:53.471Z",
        "user": [
            "admin"
        ],
        "content_type": [
            "cart",
            "userorderform"
        ],
        "object_id": "48",
        "object_repr": "asd",
        "action_flag": 3,
        "change_message": ""
    }
},
{
    "model": "admin.logentry",
    "pk": 179,
    "fields": {
        "action_time": "2022-09-04T16:37:53.478Z",
        "user": [
            "admin"
        ],
        "content_type": [
            "cart",
            "userorderform"
        ],
        "object_id": "47",
        "object_repr": "asd",
        "action_flag": 3,
        "change_message": ""
    }
},
{
    "model": "admin.logentry",
    "pk": 180,
    "fields": {
        "action_time": "2022-09-04T16:43:11.821Z",
        "user": [
            "admin"
        ],
        "content_type": [
            "cart",
            "userorderform"
        ],
        "object_id": "49",
        "object_repr": "Asdd",
        "action_flag": 3,
        "change_message": ""
    }
},
{
    "model": "admin.logentry",
    "pk": 181,
    "fields": {
        "action_time": "2022-09-04T16:49:11.362Z",
        "user": [
            "admin"
        ],
        "content_type": [
            "cart",
            "userorderform"
        ],
        "object_id": "53",
        "object_repr": "zxc",
        "action_flag": 3,
        "change_message": ""
    }
},
{
    "model": "admin.logentry",
    "pk": 182,
    "fields": {
        "action_time": "2022-09-04T16:49:11.372Z",
        "user": [
            "admin"
        ],
        "content_type": [
            "cart",
            "userorderform"
        ],
        "object_id": "52",
        "object_repr": "asdd",
        "action_flag": 3,
        "change_message": ""
    }
},
{
    "model": "admin.logentry",
    "pk": 183,
    "fields": {
        "action_time": "2022-09-04T16:49:11.378Z",
        "user": [
            "admin"
        ],
        "content_type": [
            "cart",
            "userorderform"
        ],
        "object_id": "51",
        "object_repr": "asd",
        "action_flag": 3,
        "change_message": ""
    }
},
{
    "model": "admin.logentry",
    "pk": 184,
    "fields": {
        "action_time": "2022-09-04T16:49:11.383Z",
        "user": [
            "admin"
        ],
        "content_type": [
            "cart",
            "userorderform"
        ],
        "object_id": "50",
        "object_repr": "asd",
        "action_flag": 3,
        "change_message": ""
    }
},
{
    "model": "admin.logentry",
    "pk": 185,
    "fields": {
        "action_time": "2022-09-04T17:39:31.833Z",
        "user": [
            "admin"
        ],
        "content_type": [
            "cart",
            "userorderform"
        ],
        "object_id": "63",
        "object_repr": "asd",
        "action_flag": 3,
        "change_message": ""
    }
},
{
    "model": "admin.logentry",
    "pk": 186,
    "fields": {
        "action_time": "2022-09-04T17:39:31.841Z",
        "user": [
            "admin"
        ],
        "content_type": [
            "cart",
            "userorderform"
        ],
        "object_id": "62",
        "object_repr": "asd",
        "action_flag": 3,
        "change_message": ""
    }
},
{
    "model": "admin.logentry",
    "pk": 187,
    "fields": {
        "action_time": "2022-09-04T17:39:31.847Z",
        "user": [
            "admin"
        ],
        "content_type": [
            "cart",
            "userorderform"
        ],
        "object_id": "61",
        "object_repr": "asd",
        "action_flag": 3,
        "change_message": ""
    }
},
{
    "model": "admin.logentry",
    "pk": 188,
    "fields": {
        "action_time": "2022-09-04T17:39:31.853Z",
        "user": [
            "admin"
        ],
        "content_type": [
            "cart",
            "userorderform"
        ],
        "object_id": "60",
        "object_repr": "asd",
        "action_flag": 3,
        "change_message": ""
    }
},
{
    "model": "admin.logentry",
    "pk": 189,
    "fields": {
        "action_time": "2022-09-04T17:39:31.858Z",
        "user": [
            "admin"
        ],
        "content_type": [
            "cart",
            "userorderform"
        ],
        "object_id": "59",
        "object_repr": "asd",
        "action_flag": 3,
        "change_message": ""
    }
},
{
    "model": "admin.logentry",
    "pk": 190,
    "fields": {
        "action_time": "2022-09-04T17:39:31.862Z",
        "user": [
            "admin"
        ],
        "content_type": [
            "cart",
            "userorderform"
        ],
        "object_id": "58",
        "object_repr": "asd",
        "action_flag": 3,
        "change_message": ""
    }
},
{
    "model": "admin.logentry",
    "pk": 191,
    "fields": {
        "action_time": "2022-09-04T17:39:31.866Z",
        "user": [
            "admin"
        ],
        "content_type": [
            "cart",
            "userorderform"
        ],
        "object_id": "57",
        "object_repr": "asd",
        "action_flag": 3,
        "change_message": ""
    }
},
{
    "model": "admin.logentry",
    "pk": 192,
    "fields": {
        "action_time": "2022-09-04T17:39:31.871Z",
        "user": [
            "admin"
        ],
        "content_type": [
            "cart",
            "userorderform"
        ],
        "object_id": "56",
        "object_repr": "asd",
        "action_flag": 3,
        "change_message": ""
    }
},
{
    "model": "admin.logentry",
    "pk": 193,
    "fields": {
        "action_time": "2022-09-04T17:39:31.875Z",
        "user": [
            "admin"
        ],
        "content_type": [
            "cart",
            "userorderform"
        ],
        "object_id": "55",
        "object_repr": "asd",
        "action_flag": 3,
        "change_message": ""
    }
},
{
    "model": "admin.logentry",
    "pk": 194,
    "fields": {
        "action_time": "2022-09-04T17:39:31.879Z",
        "user": [
            "admin"
        ],
        "content_type": [
            "cart",
            "userorderform"
        ],
        "object_id": "54",
        "object_repr": "asd",
        "action_flag": 3,
        "change_message": ""
    }
},
{
    "model": "admin.logentry",
    "pk": 195,
    "fields": {
        "action_time": "2022-09-05T15:14:34.991Z",
        "user": [
            "admin"
        ],
        "content_type": [
            "cart",
            "userorderform"
        ],
        "object_id": "66",
        "object_repr": "bogdan",
        "action_flag": 3,
        "change_message": ""
    }
},
{
    "model": "admin.logentry",
    "pk": 196,
    "fields": {
        "action_time": "2022-09-05T15:14:52.096Z",
        "user": [
            "admin"
        ],
        "content_type": [
            "cart",
            "userorderform"
        ],
        "object_id": "67",
        "object_repr": "asdd",
        "action_flag": 3,
        "change_message": ""
    }
},
{
    "model": "admin.logentry",
    "pk": 197,
    "fields": {
        "action_time": "2022-09-05T15:14:52.104Z",
        "user": [
            "admin"
        ],
        "content_type": [
            "cart",
            "userorderform"
        ],
        "object_id": "65",
        "object_repr": "asd",
        "action_flag": 3,
        "change_message": ""
    }
},
{
    "model": "admin.logentry",
    "pk": 198,
    "fields": {
        "action_time": "2022-09-05T15:14:52.110Z",
        "user": [
            "admin"
        ],
        "content_type": [
            "cart",
            "userorderform"
        ],
        "object_id": "64",
        "object_repr": "bogdan",
        "action_flag": 3,
        "change_message": ""
    }
},
{
    "model": "admin.logentry",
    "pk": 199,
    "fields": {
        "action_time": "2022-10-31T21:50:05.859Z",
        "user": [
            "admin"
        ],
        "content_type": [
            "cart",
            "userorderform"
        ],
        "object_id": "68",
        "object_repr": "asd",
        "action_flag": 3,
        "change_message": ""
    }
},
{
    "model": "admin.logentry",
    "pk": 200,
    "fields": {
        "action_time": "2022-10-31T22:18:55.078Z",
        "user": [
            "admin"
        ],
        "content_type": [
            "base",
            "saleitem"
        ],
        "object_id": "8",
        "object_repr": "Chandelier WUNDERLICHT 40412",
        "action_flag": 2,
        "change_message": "[{\"changed\": {\"fields\": [\"Position\"]}}]"
    }
},
{
    "model": "admin.logentry",
    "pk": 201,
    "fields": {
        "action_time": "2022-10-31T22:31:43.263Z",
        "user": [
            "admin"
        ],
        "content_type": [
            "base",
            "saleitem"
        ],
        "object_id": "10",
        "object_repr": "primer",
        "action_flag": 1,
        "change_message": "[{\"added\": {}}]"
    }
},
{
    "model": "admin.logentry",
    "pk": 202,
    "fields": {
        "action_time": "2022-10-31T22:44:02.887Z",
        "user": [
            "admin"
        ],
        "content_type": [
            "base",
            "saleitem"
        ],
        "object_id": "10",
        "object_repr": "primer",
        "action_flag": 2,
        "change_message": "[{\"changed\": {\"fields\": [\"Position\"]}}]"
    }
},
{
    "model": "admin.logentry",
    "pk": 203,
    "fields": {
        "action_time": "2022-10-31T22:44:08.293Z",
        "user": [
            "admin"
        ],
        "content_type": [
            "base",
            "saleitem"
        ],
        "object_id": "9",
        "object_repr": "Chandelier EGLO 14723",
        "action_flag": 3,
        "change_message": ""
    }
},
{
    "model": "admin.logentry",
    "pk": 204,
    "fields": {
        "action_time": "2022-10-31T22:44:53.604Z",
        "user": [
            "admin"
        ],
        "content_type": [
            "base",
            "saleitem"
        ],
        "object_id": "10",
        "object_repr": "primer",
        "action_flag": 2,
        "change_message": "[{\"changed\": {\"fields\": [\"Position\"]}}]"
    }
},
{
    "model": "admin.logentry",
    "pk": 205,
    "fields": {
        "action_time": "2022-10-31T22:48:34.973Z",
        "user": [
            "admin"
        ],
        "content_type": [
            "base",
            "saleitem"
        ],
        "object_id": "10",
        "object_repr": "primer",
        "action_flag": 2,
        "change_message": "[]"
    }
},
{
    "model": "admin.logentry",
    "pk": 206,
    "fields": {
        "action_time": "2022-10-31T22:48:54.649Z",
        "user": [
            "admin"
        ],
        "content_type": [
            "base",
            "saleitem"
        ],
        "object_id": "1",
        "object_repr": "Chandelier nga FREYA 12268",
        "action_flag": 2,
        "change_message": "[{\"changed\": {\"fields\": [\"Position\"]}}]"
    }
},
{
    "model": "admin.logentry",
    "pk": 207,
    "fields": {
        "action_time": "2022-10-31T22:48:58.419Z",
        "user": [
            "admin"
        ],
        "content_type": [
            "base",
            "saleitem"
        ],
        "object_id": "2",
        "object_repr": "Chandelier MAYTONI 27260",
        "action_flag": 2,
        "change_message": "[{\"changed\": {\"fields\": [\"Position\"]}}]"
    }
},
{
    "model": "admin.logentry",
    "pk": 208,
    "fields": {
        "action_time": "2022-10-31T22:49:01.955Z",
        "user": [
            "admin"
        ],
        "content_type": [
            "base",
            "saleitem"
        ],
        "object_id": "3",
        "object_repr": "Chandelier MAYTONI 31809",
        "action_flag": 2,
        "change_message": "[{\"changed\": {\"fields\": [\"Position\"]}}]"
    }
},
{
    "model": "admin.logentry",
    "pk": 209,
    "fields": {
        "action_time": "2022-10-31T22:49:05.142Z",
        "user": [
            "admin"
        ],
        "content_type": [
            "base",
            "saleitem"
        ],
        "object_id": "3",
        "object_repr": "Chandelier MAYTONI 31809",
        "action_flag": 2,
        "change_message": "[{\"changed\": {\"fields\": [\"Position\"]}}]"
    }
},
{
    "model": "admin.logentry",
    "pk": 210,
    "fields": {
        "action_time": "2022-10-31T22:49:08.668Z",
        "user": [
            "admin"
        ],
        "content_type": [
            "base",
            "saleitem"
        ],
        "object_id": "2",
        "object_repr": "Chandelier MAYTONI 27260",
        "action_flag": 2,
        "change_message": "[]"
    }
},
{
    "model": "admin.logentry",
    "pk": 211,
    "fields": {
        "action_time": "2022-10-31T22:49:11.938Z",
        "user": [
            "admin"
        ],
        "content_type": [
            "base",
            "saleitem"
        ],
        "object_id": "3",
        "object_repr": "Chandelier MAYTONI 31809",
        "action_flag": 2,
        "change_message": "[{\"changed\": {\"fields\": [\"Position\"]}}]"
    }
},
{
    "model": "admin.logentry",
    "pk": 212,
    "fields": {
        "action_time": "2022-10-31T22:49:16.909Z",
        "user": [
            "admin"
        ],
        "content_type": [
            "base",
            "saleitem"
        ],
        "object_id": "4",
        "object_repr": "Bath lamp NOWODVORSKI 37544",
        "action_flag": 2,
        "change_message": "[{\"changed\": {\"fields\": [\"Position\"]}}]"
    }
},
{
    "model": "admin.logentry",
    "pk": 213,
    "fields": {
        "action_time": "2022-10-31T22:49:20.805Z",
        "user": [
            "admin"
        ],
        "content_type": [
            "base",
            "saleitem"
        ],
        "object_id": "5",
        "object_repr": "Street lamp NOWODVORSKI 84933",
        "action_flag": 2,
        "change_message": "[{\"changed\": {\"fields\": [\"Position\"]}}]"
    }
},
{
    "model": "admin.logentry",
    "pk": 214,
    "fields": {
        "action_time": "2022-10-31T22:49:24.238Z",
        "user": [
            "admin"
        ],
        "content_type": [
            "base",
            "saleitem"
        ],
        "object_id": "6",
        "object_repr": "Street lamp NOWODVORSKI 58255",
        "action_flag": 2,
        "change_message": "[{\"changed\": {\"fields\": [\"Position\"]}}]"
    }
},
{
    "model": "admin.logentry",
    "pk": 215,
    "fields": {
        "action_time": "2022-10-31T22:49:28.428Z",
        "user": [
            "admin"
        ],
        "content_type": [
            "base",
            "saleitem"
        ],
        "object_id": "7",
        "object_repr": "Chandelier WUNDERLICHT 40383",
        "action_flag": 2,
        "change_message": "[{\"changed\": {\"fields\": [\"Position\"]}}]"
    }
},
{
    "model": "admin.logentry",
    "pk": 216,
    "fields": {
        "action_time": "2022-10-31T22:49:31.024Z",
        "user": [
            "admin"
        ],
        "content_type": [
            "base",
            "saleitem"
        ],
        "object_id": "7",
        "object_repr": "Chandelier WUNDERLICHT 40383",
        "action_flag": 2,
        "change_message": "[]"
    }
},
{
    "model": "admin.logentry",
    "pk": 217,
    "fields": {
        "action_time": "2022-10-31T22:49:35.598Z",
        "user": [
            "admin"
        ],
        "content_type": [
            "base",
            "saleitem"
        ],
        "object_id": "8",
        "object_repr": "Chandelier WUNDERLICHT 40412",
        "action_flag": 2,
        "change_message": "[{\"changed\": {\"fields\": [\"Position\"]}}]"
    }
},
{
    "model": "admin.logentry",
    "pk": 218,
    "fields": {
        "action_time": "2022-10-31T22:49:39.390Z",
        "user": [
            "admin"
        ],
        "content_type": [
            "base",
            "saleitem"
        ],
        "object_id": "10",
        "object_repr": "primer",
        "action_flag": 2,
        "change_message": "[{\"changed\": {\"fields\": [\"Position\"]}}]"
    }
},
{
    "model": "admin.logentry",
    "pk": 219,
    "fields": {
        "action_time": "2022-10-31T22:49:57.209Z",
        "user": [
            "admin"
        ],
        "content_type": [
            "base",
            "saleitem"
        ],
        "object_id": "10",
        "object_repr": "primer",
        "action_flag": 2,
        "change_message": "[{\"changed\": {\"fields\": [\"Picture\"]}}]"
    }
},
{
    "model": "admin.logentry",
    "pk": 220,
    "fields": {
        "action_time": "2022-10-31T22:52:20.046Z",
        "user": [
            "admin"
        ],
        "content_type": [
            "base",
            "saleitem"
        ],
        "object_id": "10",
        "object_repr": "primer",
        "action_flag": 2,
        "change_message": "[]"
    }
},
{
    "model": "admin.logentry",
    "pk": 221,
    "fields": {
        "action_time": "2022-10-31T23:05:20.262Z",
        "user": [
            "admin"
        ],
        "content_type": [
            "base",
            "saleitem"
        ],
        "object_id": "11",
        "object_repr": "primer2",
        "action_flag": 1,
        "change_message": "[{\"added\": {}}]"
    }
},
{
    "model": "admin.logentry",
    "pk": 222,
    "fields": {
        "action_time": "2022-10-31T23:05:47.977Z",
        "user": [
            "admin"
        ],
        "content_type": [
            "base",
            "saleitem"
        ],
        "object_id": "12",
        "object_repr": "primer3",
        "action_flag": 1,
        "change_message": "[{\"added\": {}}]"
    }
},
{
    "model": "admin.logentry",
    "pk": 223,
    "fields": {
        "action_time": "2022-10-31T23:06:13.767Z",
        "user": [
            "admin"
        ],
        "content_type": [
            "base",
            "saleitem"
        ],
        "object_id": "13",
        "object_repr": "primer4",
        "action_flag": 1,
        "change_message": "[{\"added\": {}}]"
    }
},
{
    "model": "admin.logentry",
    "pk": 224,
    "fields": {
        "action_time": "2022-10-31T23:41:33.330Z",
        "user": [
            "admin"
        ],
        "content_type": [
            "base",
            "product"
        ],
        "object_id": "22",
        "object_repr": "asdsadsa",
        "action_flag": 1,
        "change_message": "[{\"added\": {}}]"
    }
},
{
    "model": "admin.logentry",
    "pk": 225,
    "fields": {
        "action_time": "2022-11-01T17:56:17.693Z",
        "user": [
            "admin"
        ],
        "content_type": [
            "base",
            "saleitem"
        ],
        "object_id": "10",
        "object_repr": "Spotlight ARTGLASS 38761",
        "action_flag": 2,
        "change_message": "[{\"changed\": {\"fields\": [\"Name\", \"Slug\", \"Small description\", \"Position\"]}}]"
    }
},
{
    "model": "admin.logentry",
    "pk": 226,
    "fields": {
        "action_time": "2022-11-01T17:56:22.628Z",
        "user": [
            "admin"
        ],
        "content_type": [
            "base",
            "saleitem"
        ],
        "object_id": "12",
        "object_repr": "primer3",
        "action_flag": 3,
        "change_message": ""
    }
},
{
    "model": "admin.logentry",
    "pk": 227,
    "fields": {
        "action_time": "2022-11-01T17:56:28.876Z",
        "user": [
            "admin"
        ],
        "content_type": [
            "base",
            "saleitem"
        ],
        "object_id": "13",
        "object_repr": "primer4",
        "action_flag": 3,
        "change_message": ""
    }
},
{
    "model": "admin.logentry",
    "pk": 228,
    "fields": {
        "action_time": "2022-11-01T17:56:31.925Z",
        "user": [
            "admin"
        ],
        "content_type": [
            "base",
            "saleitem"
        ],
        "object_id": "11",
        "object_repr": "primer2",
        "action_flag": 3,
        "change_message": ""
    }
},
{
    "model": "admin.logentry",
    "pk": 229,
    "fields": {
        "action_time": "2022-11-01T17:56:36.341Z",
        "user": [
            "admin"
        ],
        "content_type": [
            "base",
            "saleitem"
        ],
        "object_id": "10",
        "object_repr": "Spotlight ARTGLASS 38761",
        "action_flag": 2,
        "change_message": "[{\"changed\": {\"fields\": [\"Position\"]}}]"
    }
},
{
    "model": "admin.logentry",
    "pk": 230,
    "fields": {
        "action_time": "2022-11-01T17:57:29.651Z",
        "user": [
            "admin"
        ],
        "content_type": [
            "base",
            "saleitem"
        ],
        "object_id": "10",
        "object_repr": "Spotlight ARTGLASS 38761",
        "action_flag": 2,
        "change_message": "[{\"changed\": {\"fields\": [\"Position\"]}}]"
    }
},
{
    "model": "admin.logentry",
    "pk": 231,
    "fields": {
        "action_time": "2022-11-01T17:59:57.168Z",
        "user": [
            "admin"
        ],
        "content_type": [
            "base",
            "saleitem"
        ],
        "object_id": "14",
        "object_repr": "Spotlight ARTGLASS 28831",
        "action_flag": 1,
        "change_message": "[{\"added\": {}}]"
    }
},
{
    "model": "admin.logentry",
    "pk": 232,
    "fields": {
        "action_time": "2022-11-01T18:02:14.766Z",
        "user": [
            "admin"
        ],
        "content_type": [
            "base",
            "saleitem"
        ],
        "object_id": "15",
        "object_repr": "Spotlight ARTGLASS 38760",
        "action_flag": 1,
        "change_message": "[{\"added\": {}}]"
    }
},
{
    "model": "admin.logentry",
    "pk": 233,
    "fields": {
        "action_time": "2022-11-01T18:02:44.584Z",
        "user": [
            "admin"
        ],
        "content_type": [
            "base",
            "saleitem"
        ],
        "object_id": "15",
        "object_repr": "Spotlight ARTGLASS 38760",
        "action_flag": 2,
        "change_message": "[{\"changed\": {\"fields\": [\"Position\"]}}]"
    }
},
{
    "model": "admin.logentry",
    "pk": 234,
    "fields": {
        "action_time": "2022-11-01T18:04:07.894Z",
        "user": [
            "admin"
        ],
        "content_type": [
            "base",
            "saleitem"
        ],
        "object_id": "16",
        "object_repr": "Spotlight ARTGLASS 39453",
        "action_flag": 1,
        "change_message": "[{\"added\": {}}]"
    }
},
{
    "model": "admin.logentry",
    "pk": 235,
    "fields": {
        "action_time": "2022-11-01T19:08:44.896Z",
        "user": [
            "admin"
        ],
        "content_type": [
            "base",
            "product"
        ],
        "object_id": "22",
        "object_repr": "asdsadsa",
        "action_flag": 3,
        "change_message": ""
    }
},
{
    "model": "admin.logentry",
    "pk": 236,
    "fields": {
        "action_time": "2022-11-01T19:26:54.231Z",
        "user": [
            "admin"
        ],
        "content_type": [
            "base",
            "product"
        ],
        "object_id": "23",
        "object_repr": "asdasdsadsa",
        "action_flag": 1,
        "change_message": "[{\"added\": {}}]"
    }
},
{
    "model": "admin.logentry",
    "pk": 237,
    "fields": {
        "action_time": "2022-11-01T20:38:02.780Z",
        "user": [
            "admin"
        ],
        "content_type": [
            "auth",
            "user"
        ],
        "object_id": "12",
        "object_repr": "user2",
        "action_flag": 3,
        "change_message": ""
    }
},
{
    "model": "admin.logentry",
    "pk": 238,
    "fields": {
        "action_time": "2022-11-01T20:38:02.789Z",
        "user": [
            "admin"
        ],
        "content_type": [
            "auth",
            "user"
        ],
        "object_id": "13",
        "object_repr": "user3",
        "action_flag": 3,
        "change_message": ""
    }
},
{
    "model": "admin.logentry",
    "pk": 239,
    "fields": {
        "action_time": "2022-11-01T20:38:02.794Z",
        "user": [
            "admin"
        ],
        "content_type": [
            "auth",
            "user"
        ],
        "object_id": "14",
        "object_repr": "user4",
        "action_flag": 3,
        "change_message": ""
    }
},
{
    "model": "admin.logentry",
    "pk": 240,
    "fields": {
        "action_time": "2022-11-01T20:38:02.799Z",
        "user": [
            "admin"
        ],
        "content_type": [
            "auth",
            "user"
        ],
        "object_id": "15",
        "object_repr": "user8",
        "action_flag": 3,
        "change_message": ""
    }
},
{
    "model": "admin.logentry",
    "pk": 241,
    "fields": {
        "action_time": "2022-11-01T20:38:02.805Z",
        "user": [
            "admin"
        ],
        "content_type": [
            "auth",
            "user"
        ],
        "object_id": "16",
        "object_repr": "user9",
        "action_flag": 3,
        "change_message": ""
    }
},
{
    "model": "admin.logentry",
    "pk": 242,
    "fields": {
        "action_time": "2022-11-01T20:38:12.718Z",
        "user": [
            "admin"
        ],
        "content_type": [
            "auth",
            "user"
        ],
        "object_id": "2",
        "object_repr": "user1",
        "action_flag": 3,
        "change_message": ""
    }
},
{
    "model": "admin.logentry",
    "pk": 243,
    "fields": {
        "action_time": "2022-11-02T11:02:57.873Z",
        "user": [
            "admin"
        ],
        "content_type": [
            "cart",
            "userorderform"
        ],
        "object_id": "85",
        "object_repr": "bohdan",
        "action_flag": 3,
        "change_message": ""
    }
},
{
    "model": "admin.logentry",
    "pk": 244,
    "fields": {
        "action_time": "2022-11-02T11:02:57.880Z",
        "user": [
            "admin"
        ],
        "content_type": [
            "cart",
            "userorderform"
        ],
        "object_id": "84",
        "object_repr": "bohdan",
        "action_flag": 3,
        "change_message": ""
    }
},
{
    "model": "admin.logentry",
    "pk": 245,
    "fields": {
        "action_time": "2022-11-02T11:02:57.887Z",
        "user": [
            "admin"
        ],
        "content_type": [
            "cart",
            "userorderform"
        ],
        "object_id": "83",
        "object_repr": "bohdan",
        "action_flag": 3,
        "change_message": ""
    }
},
{
    "model": "admin.logentry",
    "pk": 246,
    "fields": {
        "action_time": "2022-11-02T11:02:57.893Z",
        "user": [
            "admin"
        ],
        "content_type": [
            "cart",
            "userorderform"
        ],
        "object_id": "82",
        "object_repr": "bogdan",
        "action_flag": 3,
        "change_message": ""
    }
},
{
    "model": "admin.logentry",
    "pk": 247,
    "fields": {
        "action_time": "2022-11-02T11:02:57.899Z",
        "user": [
            "admin"
        ],
        "content_type": [
            "cart",
            "userorderform"
        ],
        "object_id": "81",
        "object_repr": "bogdan",
        "action_flag": 3,
        "change_message": ""
    }
},
{
    "model": "admin.logentry",
    "pk": 248,
    "fields": {
        "action_time": "2022-11-02T11:02:57.906Z",
        "user": [
            "admin"
        ],
        "content_type": [
            "cart",
            "userorderform"
        ],
        "object_id": "80",
        "object_repr": "bogdan",
        "action_flag": 3,
        "change_message": ""
    }
},
{
    "model": "admin.logentry",
    "pk": 249,
    "fields": {
        "action_time": "2022-11-02T11:02:57.911Z",
        "user": [
            "admin"
        ],
        "content_type": [
            "cart",
            "userorderform"
        ],
        "object_id": "79",
        "object_repr": "bogdan",
        "action_flag": 3,
        "change_message": ""
    }
},
{
    "model": "admin.logentry",
    "pk": 250,
    "fields": {
        "action_time": "2022-11-02T11:02:57.918Z",
        "user": [
            "admin"
        ],
        "content_type": [
            "cart",
            "userorderform"
        ],
        "object_id": "78",
        "object_repr": "bogdan",
        "action_flag": 3,
        "change_message": ""
    }
},
{
    "model": "admin.logentry",
    "pk": 251,
    "fields": {
        "action_time": "2022-11-02T11:02:57.924Z",
        "user": [
            "admin"
        ],
        "content_type": [
            "cart",
            "userorderform"
        ],
        "object_id": "77",
        "object_repr": "bogdan",
        "action_flag": 3,
        "change_message": ""
    }
},
{
    "model": "admin.logentry",
    "pk": 252,
    "fields": {
        "action_time": "2022-11-02T11:02:57.930Z",
        "user": [
            "admin"
        ],
        "content_type": [
            "cart",
            "userorderform"
        ],
        "object_id": "76",
        "object_repr": "vovich",
        "action_flag": 3,
        "change_message": ""
    }
},
{
    "model": "admin.logentry",
    "pk": 253,
    "fields": {
        "action_time": "2022-11-02T11:02:57.936Z",
        "user": [
            "admin"
        ],
        "content_type": [
            "cart",
            "userorderform"
        ],
        "object_id": "75",
        "object_repr": "asd",
        "action_flag": 3,
        "change_message": ""
    }
},
{
    "model": "admin.logentry",
    "pk": 254,
    "fields": {
        "action_time": "2022-11-02T11:02:57.942Z",
        "user": [
            "admin"
        ],
        "content_type": [
            "cart",
            "userorderform"
        ],
        "object_id": "74",
        "object_repr": "ktototam",
        "action_flag": 3,
        "change_message": ""
    }
},
{
    "model": "admin.logentry",
    "pk": 255,
    "fields": {
        "action_time": "2022-11-02T11:02:57.948Z",
        "user": [
            "admin"
        ],
        "content_type": [
            "cart",
            "userorderform"
        ],
        "object_id": "73",
        "object_repr": "ktototam",
        "action_flag": 3,
        "change_message": ""
    }
},
{
    "model": "admin.logentry",
    "pk": 256,
    "fields": {
        "action_time": "2022-11-02T11:02:57.953Z",
        "user": [
            "admin"
        ],
        "content_type": [
            "cart",
            "userorderform"
        ],
        "object_id": "72",
        "object_repr": "bogdan",
        "action_flag": 3,
        "change_message": ""
    }
},
{
    "model": "admin.logentry",
    "pk": 257,
    "fields": {
        "action_time": "2022-11-02T11:02:57.959Z",
        "user": [
            "admin"
        ],
        "content_type": [
            "cart",
            "userorderform"
        ],
        "object_id": "71",
        "object_repr": "bogda",
        "action_flag": 3,
        "change_message": ""
    }
},
{
    "model": "admin.logentry",
    "pk": 258,
    "fields": {
        "action_time": "2022-11-02T11:02:57.964Z",
        "user": [
            "admin"
        ],
        "content_type": [
            "cart",
            "userorderform"
        ],
        "object_id": "70",
        "object_repr": "asd",
        "action_flag": 3,
        "change_message": ""
    }
},
{
    "model": "admin.logentry",
    "pk": 259,
    "fields": {
        "action_time": "2022-11-02T11:02:57.969Z",
        "user": [
            "admin"
        ],
        "content_type": [
            "cart",
            "userorderform"
        ],
        "object_id": "69",
        "object_repr": "asd",
        "action_flag": 3,
        "change_message": ""
    }
},
{
    "model": "admin.logentry",
    "pk": 260,
    "fields": {
        "action_time": "2022-11-02T11:59:08.722Z",
        "user": [
            "admin"
        ],
        "content_type": [
            "cart",
            "userorderform"
        ],
        "object_id": "95",
        "object_repr": "bohdan",
        "action_flag": 3,
        "change_message": ""
    }
},
{
    "model": "admin.logentry",
    "pk": 261,
    "fields": {
        "action_time": "2022-11-02T11:59:08.727Z",
        "user": [
            "admin"
        ],
        "content_type": [
            "cart",
            "userorderform"
        ],
        "object_id": "94",
        "object_repr": "bohdan",
        "action_flag": 3,
        "change_message": ""
    }
},
{
    "model": "admin.logentry",
    "pk": 262,
    "fields": {
        "action_time": "2022-11-02T11:59:08.733Z",
        "user": [
            "admin"
        ],
        "content_type": [
            "cart",
            "userorderform"
        ],
        "object_id": "93",
        "object_repr": "bohdan",
        "action_flag": 3,
        "change_message": ""
    }
},
{
    "model": "admin.logentry",
    "pk": 263,
    "fields": {
        "action_time": "2022-11-02T11:59:08.740Z",
        "user": [
            "admin"
        ],
        "content_type": [
            "cart",
            "userorderform"
        ],
        "object_id": "92",
        "object_repr": "bohdan",
        "action_flag": 3,
        "change_message": ""
    }
},
{
    "model": "admin.logentry",
    "pk": 264,
    "fields": {
        "action_time": "2022-11-02T11:59:08.745Z",
        "user": [
            "admin"
        ],
        "content_type": [
            "cart",
            "userorderform"
        ],
        "object_id": "91",
        "object_repr": "bohdann",
        "action_flag": 3,
        "change_message": ""
    }
},
{
    "model": "admin.logentry",
    "pk": 265,
    "fields": {
        "action_time": "2022-11-02T11:59:08.753Z",
        "user": [
            "admin"
        ],
        "content_type": [
            "cart",
            "userorderform"
        ],
        "object_id": "90",
        "object_repr": "bohdann",
        "action_flag": 3,
        "change_message": ""
    }
},
{
    "model": "admin.logentry",
    "pk": 266,
    "fields": {
        "action_time": "2022-11-02T11:59:08.759Z",
        "user": [
            "admin"
        ],
        "content_type": [
            "cart",
            "userorderform"
        ],
        "object_id": "89",
        "object_repr": "asd",
        "action_flag": 3,
        "change_message": ""
    }
},
{
    "model": "admin.logentry",
    "pk": 267,
    "fields": {
        "action_time": "2022-11-02T11:59:08.765Z",
        "user": [
            "admin"
        ],
        "content_type": [
            "cart",
            "userorderform"
        ],
        "object_id": "88",
        "object_repr": "bohdann",
        "action_flag": 3,
        "change_message": ""
    }
},
{
    "model": "admin.logentry",
    "pk": 268,
    "fields": {
        "action_time": "2022-11-02T11:59:08.771Z",
        "user": [
            "admin"
        ],
        "content_type": [
            "cart",
            "userorderform"
        ],
        "object_id": "87",
        "object_repr": "bohdan",
        "action_flag": 3,
        "change_message": ""
    }
},
{
    "model": "admin.logentry",
    "pk": 269,
    "fields": {
        "action_time": "2022-11-02T11:59:08.779Z",
        "user": [
            "admin"
        ],
        "content_type": [
            "cart",
            "userorderform"
        ],
        "object_id": "86",
        "object_repr": "bogdan",
        "action_flag": 3,
        "change_message": ""
    }
},
{
    "model": "admin.logentry",
    "pk": 270,
    "fields": {
        "action_time": "2022-11-02T12:54:44.658Z",
        "user": [
            "admin"
        ],
        "content_type": [
            "cart",
            "userorderform"
        ],
        "object_id": "107",
        "object_repr": "asdd",
        "action_flag": 3,
        "change_message": ""
    }
},
{
    "model": "admin.logentry",
    "pk": 271,
    "fields": {
        "action_time": "2022-11-02T12:54:44.681Z",
        "user": [
            "admin"
        ],
        "content_type": [
            "cart",
            "userorderform"
        ],
        "object_id": "106",
        "object_repr": "asdd",
        "action_flag": 3,
        "change_message": ""
    }
},
{
    "model": "admin.logentry",
    "pk": 272,
    "fields": {
        "action_time": "2022-11-02T12:54:44.688Z",
        "user": [
            "admin"
        ],
        "content_type": [
            "cart",
            "userorderform"
        ],
        "object_id": "105",
        "object_repr": "Bohdan",
        "action_flag": 3,
        "change_message": ""
    }
},
{
    "model": "admin.logentry",
    "pk": 273,
    "fields": {
        "action_time": "2022-11-02T12:54:44.693Z",
        "user": [
            "admin"
        ],
        "content_type": [
            "cart",
            "userorderform"
        ],
        "object_id": "104",
        "object_repr": "asdasd",
        "action_flag": 3,
        "change_message": ""
    }
},
{
    "model": "admin.logentry",
    "pk": 274,
    "fields": {
        "action_time": "2022-11-02T12:54:44.699Z",
        "user": [
            "admin"
        ],
        "content_type": [
            "cart",
            "userorderform"
        ],
        "object_id": "103",
        "object_repr": "asdd",
        "action_flag": 3,
        "change_message": ""
    }
},
{
    "model": "admin.logentry",
    "pk": 275,
    "fields": {
        "action_time": "2022-11-02T12:54:44.705Z",
        "user": [
            "admin"
        ],
        "content_type": [
            "cart",
            "userorderform"
        ],
        "object_id": "102",
        "object_repr": "asdd",
        "action_flag": 3,
        "change_message": ""
    }
},
{
    "model": "admin.logentry",
    "pk": 276,
    "fields": {
        "action_time": "2022-11-02T12:54:44.710Z",
        "user": [
            "admin"
        ],
        "content_type": [
            "cart",
            "userorderform"
        ],
        "object_id": "101",
        "object_repr": "asdd",
        "action_flag": 3,
        "change_message": ""
    }
},
{
    "model": "admin.logentry",
    "pk": 277,
    "fields": {
        "action_time": "2022-11-02T12:54:44.716Z",
        "user": [
            "admin"
        ],
        "content_type": [
            "cart",
            "userorderform"
        ],
        "object_id": "100",
        "object_repr": "asdd",
        "action_flag": 3,
        "change_message": ""
    }
},
{
    "model": "admin.logentry",
    "pk": 278,
    "fields": {
        "action_time": "2022-11-02T12:54:44.721Z",
        "user": [
            "admin"
        ],
        "content_type": [
            "cart",
            "userorderform"
        ],
        "object_id": "99",
        "object_repr": "asd",
        "action_flag": 3,
        "change_message": ""
    }
},
{
    "model": "admin.logentry",
    "pk": 279,
    "fields": {
        "action_time": "2022-11-02T12:54:44.726Z",
        "user": [
            "admin"
        ],
        "content_type": [
            "cart",
            "userorderform"
        ],
        "object_id": "98",
        "object_repr": "vovich",
        "action_flag": 3,
        "change_message": ""
    }
},
{
    "model": "admin.logentry",
    "pk": 280,
    "fields": {
        "action_time": "2022-11-02T12:54:44.730Z",
        "user": [
            "admin"
        ],
        "content_type": [
            "cart",
            "userorderform"
        ],
        "object_id": "97",
        "object_repr": "bohdan",
        "action_flag": 3,
        "change_message": ""
    }
},
{
    "model": "admin.logentry",
    "pk": 281,
    "fields": {
        "action_time": "2022-11-02T12:54:44.736Z",
        "user": [
            "admin"
        ],
        "content_type": [
            "cart",
            "userorderform"
        ],
        "object_id": "96",
        "object_repr": "asdd",
        "action_flag": 3,
        "change_message": ""
    }
},
{
    "model": "admin.logentry",
    "pk": 282,
    "fields": {
        "action_time": "2022-11-02T12:57:09.961Z",
        "user": [
            "admin"
        ],
        "content_type": [
            "base",
            "product"
        ],
        "object_id": "23",
        "object_repr": "asdasdsadsa",
        "action_flag": 3,
        "change_message": ""
    }
},
{
    "model": "admin.logentry",
    "pk": 283,
    "fields": {
        "action_time": "2022-11-02T13:24:07.683Z",
        "user": [
            "admin"
        ],
        "content_type": [
            "cart",
            "userorderform"
        ],
        "object_id": "124",
        "object_repr": "asdd",
        "action_flag": 3,
        "change_message": ""
    }
},
{
    "model": "admin.logentry",
    "pk": 284,
    "fields": {
        "action_time": "2022-11-02T13:24:07.690Z",
        "user": [
            "admin"
        ],
        "content_type": [
            "cart",
            "userorderform"
        ],
        "object_id": "123",
        "object_repr": "asdd",
        "action_flag": 3,
        "change_message": ""
    }
},
{
    "model": "admin.logentry",
    "pk": 285,
    "fields": {
        "action_time": "2022-11-02T13:24:07.696Z",
        "user": [
            "admin"
        ],
        "content_type": [
            "cart",
            "userorderform"
        ],
        "object_id": "122",
        "object_repr": "asdd",
        "action_flag": 3,
        "change_message": ""
    }
},
{
    "model": "admin.logentry",
    "pk": 286,
    "fields": {
        "action_time": "2022-11-02T13:24:07.702Z",
        "user": [
            "admin"
        ],
        "content_type": [
            "cart",
            "userorderform"
        ],
        "object_id": "121",
        "object_repr": "asdd",
        "action_flag": 3,
        "change_message": ""
    }
},
{
    "model": "admin.logentry",
    "pk": 287,
    "fields": {
        "action_time": "2022-11-02T13:24:07.708Z",
        "user": [
            "admin"
        ],
        "content_type": [
            "cart",
            "userorderform"
        ],
        "object_id": "120",
        "object_repr": "asdd",
        "action_flag": 3,
        "change_message": ""
    }
},
{
    "model": "admin.logentry",
    "pk": 288,
    "fields": {
        "action_time": "2022-11-02T13:24:07.715Z",
        "user": [
            "admin"
        ],
        "content_type": [
            "cart",
            "userorderform"
        ],
        "object_id": "119",
        "object_repr": "asdd",
        "action_flag": 3,
        "change_message": ""
    }
},
{
    "model": "admin.logentry",
    "pk": 289,
    "fields": {
        "action_time": "2022-11-02T13:24:07.720Z",
        "user": [
            "admin"
        ],
        "content_type": [
            "cart",
            "userorderform"
        ],
        "object_id": "118",
        "object_repr": "asdd",
        "action_flag": 3,
        "change_message": ""
    }
},
{
    "model": "admin.logentry",
    "pk": 290,
    "fields": {
        "action_time": "2022-11-02T13:24:07.725Z",
        "user": [
            "admin"
        ],
        "content_type": [
            "cart",
            "userorderform"
        ],
        "object_id": "117",
        "object_repr": "asdd",
        "action_flag": 3,
        "change_message": ""
    }
},
{
    "model": "admin.logentry",
    "pk": 291,
    "fields": {
        "action_time": "2022-11-02T13:24:07.732Z",
        "user": [
            "admin"
        ],
        "content_type": [
            "cart",
            "userorderform"
        ],
        "object_id": "116",
        "object_repr": "asdd",
        "action_flag": 3,
        "change_message": ""
    }
},
{
    "model": "admin.logentry",
    "pk": 292,
    "fields": {
        "action_time": "2022-11-02T13:24:07.737Z",
        "user": [
            "admin"
        ],
        "content_type": [
            "cart",
            "userorderform"
        ],
        "object_id": "115",
        "object_repr": "asdd",
        "action_flag": 3,
        "change_message": ""
    }
},
{
    "model": "admin.logentry",
    "pk": 293,
    "fields": {
        "action_time": "2022-11-02T13:24:07.741Z",
        "user": [
            "admin"
        ],
        "content_type": [
            "cart",
            "userorderform"
        ],
        "object_id": "114",
        "object_repr": "asdd",
        "action_flag": 3,
        "change_message": ""
    }
},
{
    "model": "admin.logentry",
    "pk": 294,
    "fields": {
        "action_time": "2022-11-02T13:24:07.745Z",
        "user": [
            "admin"
        ],
        "content_type": [
            "cart",
            "userorderform"
        ],
        "object_id": "113",
        "object_repr": "asdd",
        "action_flag": 3,
        "change_message": ""
    }
},
{
    "model": "admin.logentry",
    "pk": 295,
    "fields": {
        "action_time": "2022-11-02T13:24:07.751Z",
        "user": [
            "admin"
        ],
        "content_type": [
            "cart",
            "userorderform"
        ],
        "object_id": "112",
        "object_repr": "asdd",
        "action_flag": 3,
        "change_message": ""
    }
},
{
    "model": "admin.logentry",
    "pk": 296,
    "fields": {
        "action_time": "2022-11-02T13:24:07.756Z",
        "user": [
            "admin"
        ],
        "content_type": [
            "cart",
            "userorderform"
        ],
        "object_id": "111",
        "object_repr": "asdd",
        "action_flag": 3,
        "change_message": ""
    }
},
{
    "model": "admin.logentry",
    "pk": 297,
    "fields": {
        "action_time": "2022-11-02T13:24:07.761Z",
        "user": [
            "admin"
        ],
        "content_type": [
            "cart",
            "userorderform"
        ],
        "object_id": "110",
        "object_repr": "asdd",
        "action_flag": 3,
        "change_message": ""
    }
},
{
    "model": "admin.logentry",
    "pk": 298,
    "fields": {
        "action_time": "2022-11-02T13:24:07.766Z",
        "user": [
            "admin"
        ],
        "content_type": [
            "cart",
            "userorderform"
        ],
        "object_id": "109",
        "object_repr": "bohdan",
        "action_flag": 3,
        "change_message": ""
    }
},
{
    "model": "admin.logentry",
    "pk": 299,
    "fields": {
        "action_time": "2022-11-02T13:24:07.771Z",
        "user": [
            "admin"
        ],
        "content_type": [
            "cart",
            "userorderform"
        ],
        "object_id": "108",
        "object_repr": "asddd",
        "action_flag": 3,
        "change_message": ""
    }
}
]
